Marca temporal,¿Qué edad tienes?,¿Cuál de las siguientes opciones describe mejor tu identidad de género? ,¿A qué te dedicas actualmente?  (Elige la opción que mejor te describa),Con qué género(s) musical(es) te identificas más?,¿A cuántos festivales de música asistes aproximadamente al año?,¿A qué tipo de lugares sueles ir para vivir festivales o conciertos?,¿Viajas a otras ciudades para ir a festivales o conciertos?,¿Generalmente asistes sola(o) o acompañada(o) a los festivales?,¿Qué influye más en tu decisión para asistir a un festival?,¿Generalmente cuál  es tu mayor gasto extra (aparte del boleto)? ,¿Cuál es tu presupuesto por día para gastar en comida y bebidas en el festival? ,¿Cuánto tiempo sueles pasar dentro de un festival?,¿Cómo manejas tu energía durante el evento?,¿Cuánto tiempo tardas en recuperarte después de un festival?,Cómo te enteras normalmente de los festivales?,¿Qué tan fácil te resulta conseguir boletos y planear tu asistencia?,¿Cuál fue el último festival al que asististe?,¿Qué tan seguro/a te sentiste durante el festival?,Qué aspectos te gustaron más?,¿Qué fue lo que menos te gustó?,¿Qué tipo de experiencias te gustaría vivir además de la música?,¿Qué emociones predominan para ti durante un festival?,¿Consideras que los festivales generan comunidad o conexión con otras personas?,¿Crees que los festivales tienen un impacto social o cultural más allá del entretenimiento?
10/10/2025 12:06:14,25 a 34,Hombre,Empleado(a) a tiempo completo,Rock / Alternativo,3 a 5 festivales,"Principalmente en ciudades grandes (CDMX, Guadalajara, Monterrey, etc.)",Casi nunca,Sola(o),Cartel / artistas,Transporte (ida y vuelta dentro de la ciudad),Más de  $500 mxn,Depende del tipo de festival,Suelo irme antes de que acabe,Un día y ya estoy como nuevo/a,Influencers o medios musicales,2,Vive Latino,2,Producción y escenografía,Gente apagada,Arte visual,Alegría,Algo,Sí
10/10/2025 12:15:40,25 a 34,Hombre,Freelance / Autónomo(a),Rock / Alternativo,3 a 5 festivales,"Principalmente en ciudades grandes (CDMX, Guadalajara, Monterrey, etc.)","A veces, si vale mucho la pena",Con amix,Cartel / artistas,Transporte (ida y vuelta dentro de la ciudad),Entre $200 – 500 mxn,Depende del tipo de festival,Tomo descansos entre shows,Un día y ya estoy como nuevo/a,Redes sociales,2,Bandemia 🤡,5,Visuales,Seguridad,Arte visual,Euforia,"Sí, totalmente",Sí
10/10/2025 12:20:32,35 a 44,Hombre,Empleado(a) a tiempo completo,Electrónica,1 a 2 festivales,"Principalmente en ciudades grandes (CDMX, Guadalajara, Monterrey, etc.)","Sí, casi siempre",En pareja,Cartel / artistas,Transporte a la ciudad del festival 🚌🛬,Más de  $500 mxn,Solo un día,Termino agotado/a pero feliz,Dos o tres días de bajón,Redes sociales,3,Hipnosis 2024,2,Artistas,Filas para recoger la tarjeta cashless,Espacios de bienestar (descanso),Conexión,Algo,Sí
10/10/2025 12:25:46,25 a 34,Mujer,Freelance / Autónomo(a),Rock / Alternativo,3 a 5 festivales,"Principalmente en ciudades grandes (CDMX, Guadalajara, Monterrey, etc.)",Casi nunca,Con amix,Cartel / artistas,Comida dentro del festival 🥫,Entre $200 – 500 mxn,Depende del tipo de festival,Termino agotado/a pero feliz,Un día y ya estoy como nuevo/a,Redes sociales,1,Ceremonia 2025,5,Artistas,Pésimo control de calidad de las instalaciones en el festival.,Arte visual,Euforia,Algo,Tal vez
10/10/2025 12:31:53,25 a 34,Mujer,Freelance / Autónomo(a),Experimental,3 a 5 festivales,"Principalmente en ciudades grandes (CDMX, Guadalajara, Monterrey, etc.)","Sí, casi siempre",En pareja,Cartel / artistas,Transporte a la ciudad del festival 🚌🛬,"Entre $1,000 mxn y $2,000 mxn",Depende del tipo de festival,Termino agotado/a pero feliz,Un día y ya estoy como nuevo/a,Redes sociales,4,Tecate Emblema,1,Artistas,Limpieza / sustentabilidad,Espacios de bienestar (descanso),Conexión,"Sí, totalmente",Sí
10/10/2025 12:36:23,25 a 34,Hombre,Empleado(a) a tiempo completo,Rock / Alternativo,3 a 5 festivales,"Principalmente en ciudades grandes (CDMX, Guadalajara, Monterrey, etc.)","Sí, casi siempre",Sola(o),Cartel / artistas,Transporte (ida y vuelta dentro de la ciudad),Más de  $500 mxn,Solo un día,Termino agotado/a pero feliz,Dos o tres días de bajón,Redes sociales,3,Pal norte 25,2,Artistas,Filas para accesos,Arte visual,Alegría,"Sí, totalmente",Sí
10/10/2025 12:42:00,25 a 34,Hombre,Empleado(a) a tiempo completo,Experimental,1 a 2 festivales,"Principalmente en ciudades grandes (CDMX, Guadalajara, Monterrey, etc.)","A veces, si vale mucho la pena",En pareja,Cartel / artistas,Transporte a la ciudad del festival 🚌🛬,Entre $200 – 500 mxn,Depende del tipo de festival,Tomo descansos entre shows,Un día y ya estoy como nuevo/a,Redes sociales,1,Machaca Fest,1,"Aquí debería de poder ponerse varias opciones: artistas, visuales, producción y escenografía",Limpieza / sustentabilidad,Experiencias tecnológicas / instalaciones interactivas,"Alegría, ansiedad, cansancio",Algo,Sí
10/10/2025 12:42:37,25 a 34,Hombre,Empleado(a) a tiempo completo,Rock / Alternativo,3 a 5 festivales,"Principalmente en ciudades grandes (CDMX, Guadalajara, Monterrey, etc.)",Casi nunca,En pareja,Cartel / artistas,Comida dentro del festival 🥫,"Entre $1,000 mxn y $2,000 mxn",Depende del tipo de festival,Tomo descansos entre shows,Un día y ya estoy como nuevo/a,Redes sociales,3,Vl,2,Artistas,Baños,Espacios de bienestar (descanso),Alegría,Algo,Sí
10/10/2025 12:46:19,25 a 34,Hombre,Freelance / Autónomo(a),Rock / Alternativo,Más de 10 festivales,"Principalmente en ciudades grandes (CDMX, Guadalajara, Monterrey, etc.)","A veces, si vale mucho la pena",En pareja,Cartel / artistas,Transporte a la ciudad del festival 🚌🛬,Máximo  $200 mxn,Depende del tipo de festival,Termino agotado/a pero feliz,Un día y ya estoy como nuevo/a,Redes sociales,3,Brillante,3,Producción y escenografía,Limpieza / sustentabilidad,Iniciativas ecológicas o comunitarias,Alegría,"Sí, totalmente",Sí
10/10/2025 12:53:09,25 a 34,Hombre,Empleado(a) a tiempo completo,Rock / Alternativo,1 a 2 festivales,"Principalmente en ciudades grandes (CDMX, Guadalajara, Monterrey, etc.)","No, solo asisto a los que hay en mi ciudad",Con amix,Cartel / artistas,Bebidas dentro del festival 🥤,Máximo  $200 mxn,Depende del tipo de festival,Me la paso bailando todo el tiempo 🕺,Un día y ya estoy como nuevo/a,Redes sociales,2,Pitchfork 2025,1,Artistas,Señal e internet,Arte visual,Conexión,"Sí, totalmente",Tal vez
10/10/2025 12:53:15,25 a 34,Mujer,Empleado(a) a tiempo parcial,Rock / Alternativo,1 a 2 festivales,"Principalmente en ciudades grandes (CDMX, Guadalajara, Monterrey, etc.)","Sí, casi siempre",En pareja,Precio,Transporte (ida y vuelta dentro de la ciudad),Más de  $500 mxn,Solo un día,Termino agotado/a pero feliz,Dos o tres días de bajón,Redes sociales,3,Hipnosis ,4,Artistas,Seguridad,Arte visual,Euforia,Algo,Sí
10/10/2025 12:54:12,45 o más,Hombre,Freelance / Autónomo(a),Experimental,1 a 2 festivales,"Principalmente en ciudades grandes (CDMX, Guadalajara, Monterrey, etc.)","No, solo asisto a los que hay en mi ciudad",Sola(o),Precio,Transporte (ida y vuelta dentro de la ciudad),Entre $200 – 500 mxn,Solo unas horas (voy por artistas específicos),Me la paso bailando todo el tiempo 🕺,Un día y ya estoy como nuevo/a,Redes sociales,2,Mutek,1,Artistas,Precios,Experiencias tecnológicas / instalaciones interactivas,Conexión,Para nada,No
10/10/2025 12:55:28,25 a 34,Hombre,Empleado(a) a tiempo completo,Rock / Alternativo,1 a 2 festivales,"Principalmente en ciudades grandes (CDMX, Guadalajara, Monterrey, etc.)","A veces, si vale mucho la pena",Con amix,Cartel / artistas,Comida dentro del festival 🥫,Más de  $500 mxn,Depende del tipo de festival,Tomo descansos entre shows,Dos o tres días de bajón,Redes sociales,3,Ceremonia,3,Artistas,Precios,Arte visual,Alegría,Para nada,No
10/10/2025 12:57:05,25 a 34,Mujer,Empleado(a) a tiempo completo,Rock / Alternativo,1 a 2 festivales,"Principalmente en ciudades grandes (CDMX, Guadalajara, Monterrey, etc.)",Casi nunca,Sola(o),Precio,Bebidas dentro del festival 🥤,Entre $200 – 500 mxn,Depende del tipo de festival,Busco zonas tranquilas o de sombra,Un día y ya estoy como nuevo/a,Redes sociales,5,Normal ,5,Artistas,Accesibilidad para todxs,Experiencias tecnológicas / instalaciones interactivas,Alegría,No mucho,Sí
10/10/2025 13:00:07,25 a 34,No binari@,Freelance / Autónomo(a),Experimental,3 a 5 festivales,"Principalmente en ciudades grandes (CDMX, Guadalajara, Monterrey, etc.)","No, solo asisto a los que hay en mi ciudad",Con amix,Cartel / artistas,Bebidas dentro del festival 🥤,Máximo  $200 mxn,Depende del tipo de festival,Tomo descansos entre shows,Dos o tres días de bajón,Redes sociales,4,Alguno cultural y gratuito ,3,Calidad de sonido,Precios,Espacios de bienestar (descanso),Nostalgia,No mucho,Tal vez
10/10/2025 13:03:55,25 a 34,Mujer,Empleado(a) a tiempo completo,Pop,1 a 2 festivales,"Principalmente en ciudades grandes (CDMX, Guadalajara, Monterrey, etc.)","Sí, casi siempre",Con amix,Cartel / artistas,Transporte a la ciudad del festival 🚌🛬,"Entre $1,000 mxn y $2,000 mxn",Solo un día,Tomo descansos entre shows,Dos o tres días de bajón,Redes sociales,4,Vaivén 2023,4,Artistas,Logística ,Arte visual,Conexión,"Sí, totalmente",Sí
10/10/2025 13:06:49,19 a  24,Hombre,Empleado(a) a tiempo completo,Rock / Alternativo,1 a 2 festivales,"Principalmente en ciudades grandes (CDMX, Guadalajara, Monterrey, etc.)","A veces, si vale mucho la pena",En pareja,Cartel / artistas,Transporte a la ciudad del festival 🚌🛬,"Entre $1,000 mxn y $2,000 mxn",Depende del tipo de festival,Termino agotado/a pero feliz,Una semana para volver a la normalidad,Redes sociales,3,Bandemia ,4,Artistas,Seguridad,Arte visual,Euforia,"Sí, totalmente",Sí
10/10/2025 13:10:11,25 a 34,Mujer,Empleado(a) a tiempo completo,Rock / Alternativo,3 a 5 festivales,"Principalmente en ciudades grandes (CDMX, Guadalajara, Monterrey, etc.)","A veces, si vale mucho la pena",Con amix,Cartel / artistas,✨👽,Entre $200 – 500 mxn,Depende del tipo de festival,Me la paso bailando todo el tiempo 🕺,Dos o tres días de bajón,Redes sociales,1,Ceremonia 🤮,3,Artistas,El accidente ,Espacios de bienestar (descanso),Alegría,"Sí, totalmente",Sí
10/10/2025 13:16:43,25 a 34,Hombre,Empleado(a) a tiempo parcial,Rock / Alternativo,1 a 2 festivales,"Principalmente en ciudades grandes (CDMX, Guadalajara, Monterrey, etc.)",Casi nunca,Con familia,Cartel / artistas,Bebidas dentro del festival 🥤,"Entre $1,000 mxn y $2,000 mxn",Solo un día,Termino agotado/a pero feliz,Dos o tres días de bajón,Redes sociales,2,Corona Capital 2024,1,Artistas,Señal e internet,Arte visual,Alegría,Algo,No
10/10/2025 13:20:11,25 a 34,Hombre,Empleado(a) a tiempo completo,"Punk, Ska",3 a 5 festivales,"Principalmente en ciudades grandes (CDMX, Guadalajara, Monterrey, etc.)","Sí, casi siempre",Sola(o),Cartel / artistas,Transporte a la ciudad del festival 🚌🛬,Entre $200 – 500 mxn,Depende del tipo de festival,Tomo descansos entre shows,Un día y ya estoy como nuevo/a,Redes sociales,1,Off Limits ,1,Artistas,Siento que no falló nada,Convivencia con artistas ,Conexión,"Sí, totalmente",Sí
10/10/2025 13:20:45,25 a 34,Hombre,Freelance / Autónomo(a),Rock / Alternativo,1 a 2 festivales,"Principalmente en ciudades grandes (CDMX, Guadalajara, Monterrey, etc.)","No, solo asisto a los que hay en mi ciudad",Con amix,Cartel / artistas,Comida dentro del festival 🥫,Más de  $500 mxn,Depende del tipo de festival,Tomo descansos entre shows,Un día y ya estoy como nuevo/a,Amigos/as,1,ceremonia,2,Artistas,Seguridad,Espacios de bienestar (descanso),Alegría,No mucho,Sí
10/10/2025 13:24:48,35 a 44,Mujer,Freelance / Autónomo(a),Experimental,1 a 2 festivales,"Principalmente en ciudades grandes (CDMX, Guadalajara, Monterrey, etc.)","Sí, casi siempre",En pareja,Cartel / artistas,Transporte (ida y vuelta dentro de la ciudad),"Entre $1,000 mxn y $2,000 mxn",Depende del tipo de festival,Tomo descansos entre shows,Una semana para volver a la normalidad,Redes sociales,5,Cercle oddysey ,4,Artistas,Seguridad,Iniciativas ecológicas o comunitarias,Alegría,"Sí, totalmente",Sí
10/10/2025 13:27:27,25 a 34,Hombre,Empleado(a) a tiempo completo,Electrónica,Más de 5 festivales,"Principalmente en ciudades grandes (CDMX, Guadalajara, Monterrey, etc.)","A veces, si vale mucho la pena",Sola(o),Cartel / artistas,Transporte (ida y vuelta dentro de la ciudad),Más de  $500 mxn,Depende del tipo de festival,Termino agotado/a pero feliz,Dos o tres días de bajón,Redes sociales,3,Tecate Emblema,3,Solo fui por un artista,el line up,Arte visual,Euforia,"Sí, totalmente",Sí
10/10/2025 13:27:55,25 a 34,Hombre,Empleado(a) a tiempo completo,Rock / Alternativo,1 a 2 festivales,"Principalmente en ciudades grandes (CDMX, Guadalajara, Monterrey, etc.)","No, solo asisto a los que hay en mi ciudad",En pareja,Cartel / artistas,Hospedaje en la ciudad del festival 🛏️ 🏨,Más de  $500 mxn,Solo un día,Tomo descansos entre shows,Un día y ya estoy como nuevo/a,Redes sociales,1,Magia negra Festival 2024,3,Artistas,Accesibilidad para todxs,Iniciativas ecológicas o comunitarias,Euforia,Algo,Sí
10/10/2025 13:30:32,25 a 34,Hombre,Empleado(a) a tiempo completo,Rock / Alternativo,1 a 2 festivales,"Principalmente en ciudades grandes (CDMX, Guadalajara, Monterrey, etc.)","Sí, casi siempre",Sola(o),Cartel / artistas,Transporte (ida y vuelta dentro de la ciudad),Más de  $500 mxn,Solo un día,Tomo descansos entre shows,Un día y ya estoy como nuevo/a,Redes sociales,1,Atmósfera ,1,Calidad de sonido,Baños,Arte visual,Conexión,"Sí, totalmente",Sí
10/10/2025 13:33:16,25 a 34,Mujer,Empleado(a) a tiempo completo,Electrónica,3 a 5 festivales,"Principalmente en ciudades grandes (CDMX, Guadalajara, Monterrey, etc.)","A veces, si vale mucho la pena",Con amix,Cartel / artistas,Bebidas dentro del festival 🥤,Más de  $500 mxn,Depende del tipo de festival,Me la paso bailando todo el tiempo 🕺,Dos o tres días de bajón,Redes sociales,2,Mutek ,2,Artistas,Precios,Iniciativas ecológicas o comunitarias,Conexión,"Sí, totalmente",Sí
10/10/2025 13:35:42,25 a 34,Hombre,Empleado(a) a tiempo parcial,Rock / Alternativo,1 a 2 festivales,"Principalmente en ciudades grandes (CDMX, Guadalajara, Monterrey, etc.)","A veces, si vale mucho la pena",Sola(o),Cartel / artistas,Transporte (ida y vuelta dentro de la ciudad),Entre $200 – 500 mxn,Depende del tipo de festival,Tomo descansos entre shows,Un día y ya estoy como nuevo/a,Redes sociales,2,Hipnosis ,1,Artistas,Precios,Arte visual,Conexión,No mucho,No
10/10/2025 13:47:19,25 a 34,Mujer,Empleado(a) a tiempo completo,Pop,1 a 2 festivales,En ciudades medianas o eventos locales,Casi nunca,En pareja,Precio,Bebidas dentro del festival 🥤,Entre $200 – 500 mxn,Solo un día,Busco zonas tranquilas o de sombra,Un día y ya estoy como nuevo/a,Redes sociales,2,Corona capital 2022,2,Convivencia y ambiente,Seguridad,Arte visual,Alegría,Algo,Sí
10/10/2025 13:52:28,25 a 34,Mujer,Empleado(a) a tiempo completo,Rock / Alternativo,Más de 5 festivales,"Principalmente en ciudades grandes (CDMX, Guadalajara, Monterrey, etc.)","A veces, si vale mucho la pena",En pareja,Cartel / artistas,Bebidas dentro del festival 🥤,Más de  $500 mxn,Depende del tipo de festival,Tomo descansos entre shows,Dos o tres días de bajón,Redes sociales,3,Vive Latino,2,Artistas,Limpieza / sustentabilidad,Arte visual,Euforia,"Sí, totalmente",Sí
10/10/2025 14:03:29,25 a 34,Hombre,Freelance / Autónomo(a),Rock / Alternativo,3 a 5 festivales,"Principalmente en ciudades grandes (CDMX, Guadalajara, Monterrey, etc.)","A veces, si vale mucho la pena",En pareja,Cartel / artistas,Bebidas dentro del festival 🥤,"Entre $1,000 mxn y $2,000 mxn",Depende del tipo de festival,Tomo descansos entre shows,Un día y ya estoy como nuevo/a,Redes sociales,4,Axe Ceremonia,4,Artistas,Seguridad,Arte visual,Conexión,"Sí, totalmente",Sí
10/10/2025 14:20:10,25 a 34,Hombre,Empleado(a) a tiempo completo,Rock / Alternativo,3 a 5 festivales,"Principalmente en ciudades grandes (CDMX, Guadalajara, Monterrey, etc.)","A veces, si vale mucho la pena",Con amix,Cartel / artistas,Bebidas dentro del festival 🥤,"Entre $1,000 mxn y $2,000 mxn",Depende del tipo de festival,Me la paso bailando todo el tiempo 🕺,Un día y ya estoy como nuevo/a,Redes sociales,3,Outside Lands,5,Convivencia y ambiente,Señal e internet,Arte visual,Euforia,"Sí, totalmente",Sí
10/10/2025 15:37:01,19 a  24,Hombre,Empleado(a) a tiempo completo,Rock / Alternativo,1 a 2 festivales,"Principalmente en ciudades grandes (CDMX, Guadalajara, Monterrey, etc.)","Sí, casi siempre",Sola(o),Cartel / artistas,Transporte a la ciudad del festival 🚌🛬,Máximo  $200 mxn,Solo un día,Tomo descansos entre shows,Un día y ya estoy como nuevo/a,Redes sociales,2,Hipnosis,2,Artistas,Baños,Arte visual,Alegría,"Sí, totalmente",Sí
10/10/2025 15:45:05,35 a 44,Hombre,Empleado(a) a tiempo completo,Rock / Alternativo,1 a 2 festivales,"Principalmente en ciudades grandes (CDMX, Guadalajara, Monterrey, etc.)","Sí, casi siempre",Sola(o),Cartel / artistas,Bebidas dentro del festival 🥤,"Más de $2,000 mxn",Solo un día,Tomo descansos entre shows,Dos o tres días de bajón,Redes sociales,4,Pachuca rock fest ,1,Convivencia y ambiente,Precios,Arte visual,Alegría,"Sí, totalmente",Sí
10/10/2025 15:46:37,25 a 34,Hombre,Empleado(a) a tiempo completo,Rock / Alternativo,1 a 2 festivales,"Principalmente en ciudades grandes (CDMX, Guadalajara, Monterrey, etc.)","Sí, casi siempre",Sola(o),Cartel / artistas,Hospedaje en la ciudad del festival 🛏️ 🏨,Entre $200 – 500 mxn,Depende del tipo de festival,Tomo descansos entre shows,Dos o tres días de bajón,Redes sociales,3,Corona Capital,1,Artistas,Precios,Charlas o Talleres,Alegría,"Sí, totalmente",Sí
10/10/2025 15:47:03,25 a 34,Hombre,Empleado(a) a tiempo completo,Rock / Alternativo,3 a 5 festivales,"Principalmente en ciudades grandes (CDMX, Guadalajara, Monterrey, etc.)","A veces, si vale mucho la pena",Con amix,Cartel / artistas,Bebidas dentro del festival 🥤,"Entre $1,000 mxn y $2,000 mxn",Solo unas horas (voy por artistas específicos),Tomo descansos entre shows,Un día y ya estoy como nuevo/a,Redes sociales,1,Corona capital ,1,Producción y escenografía,Precios,Experiencias tecnológicas / instalaciones interactivas,Alegría,"Sí, totalmente",Sí
10/10/2025 16:15:28,25 a 34,Mujer,Empleado(a) a tiempo completo,Pop,1 a 2 festivales,"Principalmente en ciudades grandes (CDMX, Guadalajara, Monterrey, etc.)","Sí, casi siempre",En pareja,Cartel / artistas,Transporte a la ciudad del festival 🚌🛬,Más de  $500 mxn,Depende del tipo de festival,Termino agotado/a pero feliz,Dos o tres días de bajón,Redes sociales,2,Axe ceremonia ,2,Artistas,Seguridad,Arte visual,Alegría,"Sí, totalmente",Sí
10/10/2025 17:09:26,35 a 44,Mujer,Empleado(a) a tiempo completo,Electrónica,3 a 5 festivales,"Principalmente en ciudades grandes (CDMX, Guadalajara, Monterrey, etc.)","A veces, si vale mucho la pena",Con amix,Cartel / artistas,Transporte (ida y vuelta dentro de la ciudad),Más de  $500 mxn,Depende del tipo de festival,Tomo descansos entre shows,Un día y ya estoy como nuevo/a,Redes sociales,3,Hipnosis,1,Artistas,Precios,Experiencias tecnológicas / instalaciones interactivas,Conexión,"Sí, totalmente",Sí
10/10/2025 17:10:22,25 a 34,Mujer,Empleado(a) a tiempo completo,Rock / Alternativo,1 a 2 festivales,"Principalmente en ciudades grandes (CDMX, Guadalajara, Monterrey, etc.)","Sí, casi siempre",Con amix,Cartel / artistas,Transporte (ida y vuelta dentro de la ciudad),Entre $200 – 500 mxn,Solo unas horas (voy por artistas específicos),Me la paso bailando todo el tiempo 🕺,Un día y ya estoy como nuevo/a,Redes sociales,3,Hipnosis ,4,Artistas,Ubicación ,Arte visual,Alegría,Algo,Sí
10/10/2025 17:21:19,25 a 34,Mujer,Freelance / Autónomo(a),Rock / Alternativo,1 a 2 festivales,"Principalmente en ciudades grandes (CDMX, Guadalajara, Monterrey, etc.)","Sí, casi siempre",Con amix,Cartel / artistas,Bebidas dentro del festival 🥤,"Más de $2,000 mxn",Depende del tipo de festival,Busco zonas tranquilas o de sombra,Un día y ya estoy como nuevo/a,Redes sociales,1,Pitchfork ,2,Artistas,Logística ,I,Alegría,Algo,No
10/10/2025 17:26:53,25 a 34,Hombre,Empleado(a) a tiempo completo,Rock / Alternativo,1 a 2 festivales,"Principalmente en ciudades grandes (CDMX, Guadalajara, Monterrey, etc.)","A veces, si vale mucho la pena",Con amix,Cartel / artistas,Bebidas dentro del festival 🥤,Más de  $500 mxn,Solo un día,Termino agotado/a pero feliz,Un día y ya estoy como nuevo/a,Redes sociales,3,Tecate Comuna ,3,Artistas,Señal e internet,Experiencias tecnológicas / instalaciones interactivas,Euforia,Algo,Tal vez
10/10/2025 17:58:09,25 a 34,Hombre,Empleado(a) a tiempo completo,Rock / Alternativo,1 a 2 festivales,"Principalmente en ciudades grandes (CDMX, Guadalajara, Monterrey, etc.)",Casi nunca,Con amix,Cartel / artistas,Bebidas dentro del festival 🥤,"Entre $1,000 mxn y $2,000 mxn",Solo unas horas (voy por artistas específicos),Termino agotado/a pero feliz,Un día y ya estoy como nuevo/a,Redes sociales,1,Vive latuno,2,Artistas,Baños,Experiencias tecnológicas / instalaciones interactivas,Alegría,"Sí, totalmente",Sí
10/10/2025 18:45:27,19 a  24,Hombre,Estudiante,Rock / Alternativo,1 a 2 festivales,"Principalmente en ciudades grandes (CDMX, Guadalajara, Monterrey, etc.)","No, solo asisto a los que hay en mi ciudad",Con familia,Cartel / artistas,Comida dentro del festival 🥫,Más de  $500 mxn,Depende del tipo de festival,Termino agotado/a pero feliz,Un día y ya estoy como nuevo/a,Redes sociales,2,Corona Capital ,2,Artistas,Señal e internet,Arte visual,Euforia,Algo,Sí
10/10/2025 18:53:28,35 a 44,Hombre,Freelance / Autónomo(a),Rock / Alternativo,Más de 5 festivales,"Principalmente en ciudades grandes (CDMX, Guadalajara, Monterrey, etc.)","A veces, si vale mucho la pena",En pareja,Cartel / artistas,Transporte (ida y vuelta dentro de la ciudad),"Entre $1,000 mxn y $2,000 mxn",Solo unas horas (voy por artistas específicos),Busco zonas tranquilas o de sombra,Una semana para volver a la normalidad,Redes sociales,5,"EDC en cdmx, BurningMan en USA",2,Producción y escenografía,Precios,Arte visual,Alegría,"Sí, totalmente",Sí
10/10/2025 18:53:34,25 a 34,Mujer,Empleado(a) a tiempo completo,Rock / Alternativo,1 a 2 festivales,"Principalmente en ciudades grandes (CDMX, Guadalajara, Monterrey, etc.)","A veces, si vale mucho la pena",En pareja,Cartel / artistas,Transporte a la ciudad del festival 🚌🛬,Entre $200 – 500 mxn,Depende del tipo de festival,Termino agotado/a pero feliz,Un día y ya estoy como nuevo/a,Redes sociales,3,Corona Capital 2024,2,Artistas,Precios,Arte visual,Euforia,"Sí, totalmente",Sí
10/10/2025 19:01:13,25 a 34,Hombre,Empleado(a) a tiempo completo,Rock / Alternativo,1 a 2 festivales,"Principalmente en ciudades grandes (CDMX, Guadalajara, Monterrey, etc.)","No, solo asisto a los que hay en mi ciudad",En pareja,Precio,Transporte (ida y vuelta dentro de la ciudad),Máximo  $200 mxn,Solo un día,Me la paso bailando todo el tiempo 🕺,Un día y ya estoy como nuevo/a,Redes sociales,5,no recuerdo,5,Artistas,Precios,Espacios de bienestar (descanso),Alegría,No mucho,No
10/10/2025 19:08:48,19 a  24,Hombre,Estudiante,Rock / Alternativo,1 a 2 festivales,"Principalmente en ciudades grandes (CDMX, Guadalajara, Monterrey, etc.)",Casi nunca,Sola(o),Cartel / artistas,Comida dentro del festival 🥫,Entre $200 – 500 mxn,Depende del tipo de festival,Me la paso bailando todo el tiempo 🕺,Un día y ya estoy como nuevo/a,Redes sociales,1,Festival hipnosis ,1,Artistas,Limpieza / sustentabilidad,Espacios de bienestar (descanso),Alegría,Algo,Sí
10/10/2025 19:18:56,25 a 34,Mujer,Empleado(a) a tiempo completo,Rock / Alternativo,1 a 2 festivales,"Principalmente en ciudades grandes (CDMX, Guadalajara, Monterrey, etc.)","A veces, si vale mucho la pena",Con amix,Cartel / artistas,Bebidas dentro del festival 🥤,"Entre $1,000 mxn y $2,000 mxn",Depende del tipo de festival,Busco zonas tranquilas o de sombra,Dos o tres días de bajón,Redes sociales,2,Vaivén ,3,Artistas,Precios,Espacios de bienestar (descanso),Alegría,Algo,Sí
10/10/2025 19:33:56,25 a 34,Hombre,Empleado(a) a tiempo completo,Rock / Alternativo,1 a 2 festivales,"Principalmente en ciudades grandes (CDMX, Guadalajara, Monterrey, etc.)","A veces, si vale mucho la pena",Con amix,Cartel / artistas,Bebidas dentro del festival 🥤,Más de  $500 mxn,Solo unas horas (voy por artistas específicos),Tomo descansos entre shows,Un día y ya estoy como nuevo/a,Redes sociales,2,Corona Capital 2024,3,Artistas,Precios,Arte visual,Alegría,"Sí, totalmente",Sí
10/10/2025 19:38:32,35 a 44,Hombre,Empleado(a) a tiempo completo,Rock / Alternativo,1 a 2 festivales,"Principalmente en ciudades grandes (CDMX, Guadalajara, Monterrey, etc.)",Casi nunca,Con amix,Cartel / artistas,Comida dentro del festival 🥫,Más de  $500 mxn,Depende del tipo de festival,Busco zonas tranquilas o de sombra,Dos o tres días de bajón,Redes sociales,3,HIpnosis,4,Artistas,"Sonido, Line Up",Arte visual,Euforia,"Sí, totalmente",Sí
10/10/2025 19:43:12,25 a 34,Mujer,Freelance / Autónomo(a),Pop,1 a 2 festivales,"Principalmente en ciudades grandes (CDMX, Guadalajara, Monterrey, etc.)","Sí, casi siempre",Con amix,Cartel / artistas,Transporte a la ciudad del festival 🚌🛬,Entre $200 – 500 mxn,Solo un día,Busco zonas tranquilas o de sombra,Dos o tres días de bajón,Redes sociales,3,Tecate península - Tijuana,3,Artistas,Baños,Arte visual,Euforia,Algo,Sí
10/10/2025 19:57:28,45 o más,Hombre,Freelance / Autónomo(a),Rock / Alternativo,3 a 5 festivales,"Principalmente en ciudades grandes (CDMX, Guadalajara, Monterrey, etc.)",Casi nunca,Con amix,Cartel / artistas,Bebidas dentro del festival 🥤,Más de  $500 mxn,Depende del tipo de festival,Busco zonas tranquilas o de sombra,Dos o tres días de bajón,Redes sociales,3,Corona Capital,1,Artistas,Señal e internet,Espacios de bienestar (descanso),Euforia,Algo,Sí
10/10/2025 20:07:15,25 a 34,Mujer,Empleado(a) a tiempo completo,Rock / Alternativo,1 a 2 festivales,"Principalmente en ciudades grandes (CDMX, Guadalajara, Monterrey, etc.)","No, solo asisto a los que hay en mi ciudad",Con amix,Cartel / artistas,Comida dentro del festival 🥫,"Entre $1,000 mxn y $2,000 mxn",Depende del tipo de festival,Termino agotado/a pero feliz,Dos o tres días de bajón,Redes sociales,2,Ceremonia 👎,5,Artistas,Seguridad,Experiencias tecnológicas / instalaciones interactivas,Conexión,"Sí, totalmente",Sí
10/10/2025 20:13:45,25 a 34,Hombre,Estudiante,Rock / Alternativo,1 a 2 festivales,En ciudades medianas o eventos locales,"Sí, casi siempre",Sola(o),Cartel / artistas,Transporte a la ciudad del festival 🚌🛬,Más de  $500 mxn,Solo un día,Busco zonas tranquilas o de sombra,Un día y ya estoy como nuevo/a,Redes sociales,2,Hipnosis ,1,Artistas,Señal e internet,Arte visual,Euforia,"Sí, totalmente",Sí
10/10/2025 20:24:52,25 a 34,Mujer,Desempleado(a),Rock / Alternativo,1 a 2 festivales,"Principalmente en ciudades grandes (CDMX, Guadalajara, Monterrey, etc.)","Sí, casi siempre",Con amix,Cartel / artistas,Transporte (ida y vuelta dentro de la ciudad),Entre $200 – 500 mxn,Depende del tipo de festival,Me la paso bailando todo el tiempo 🕺,Un día y ya estoy como nuevo/a,Redes sociales,2,Estéreo picnic,4,Producción y escenografía,Lluvia extrema,Arte visual,Euforia,"Sí, totalmente",Sí
10/10/2025 21:04:39,25 a 34,Mujer,Freelance / Autónomo(a),Rock / Alternativo,1 a 2 festivales,"Principalmente en ciudades grandes (CDMX, Guadalajara, Monterrey, etc.)","No, solo asisto a los que hay en mi ciudad",Con amix,Cartel / artistas,Comida dentro del festival 🥫,Entre $200 – 500 mxn,Depende del tipo de festival,Termino agotado/a pero feliz,Una semana para volver a la normalidad,Redes sociales,2,Corona Capital 2024,2,Convivencia y ambiente,Señal e internet,Charlas o Talleres,Alegría,No mucho,Tal vez
10/10/2025 21:26:37,25 a 34,Hombre,Estudiante,Rock / Alternativo,1 a 2 festivales,En ciudades medianas o eventos locales,Casi nunca,Con familia,Cartel / artistas,Transporte a la ciudad del festival 🚌🛬,Máximo  $200 mxn,Depende del tipo de festival,Termino agotado/a pero feliz,Dos o tres días de bajón,Redes sociales,4,"Hell And Heaven, 2023",2,Artistas,Precios,Arte visual,Alegría,No mucho,Sí
10/10/2025 22:10:31,25 a 34,Hombre,Empleado(a) a tiempo parcial,Hip-Hop / Rap / R&B,1 a 2 festivales,"Principalmente en ciudades grandes (CDMX, Guadalajara, Monterrey, etc.)","Sí, casi siempre",Con amix,Cartel / artistas,Bebidas dentro del festival 🥤,Más de  $500 mxn,Depende del tipo de festival,Me la paso bailando todo el tiempo 🕺,Dos o tres días de bajón,Redes sociales,3,Cocafest creo,2,Me regalaron los boletos,Señal e internet,Espacios de bienestar (descanso),Euforia,Algo,Sí
10/10/2025 22:28:50,25 a 34,Mujer,Empleado(a) a tiempo parcial,Pop,3 a 5 festivales,"Principalmente en ciudades grandes (CDMX, Guadalajara, Monterrey, etc.)","A veces, si vale mucho la pena",Con amix,Cartel / artistas,Bebidas dentro del festival 🥤,"Entre $1,000 mxn y $2,000 mxn",Depende del tipo de festival,Termino agotado/a pero feliz,Un día y ya estoy como nuevo/a,Redes sociales,3,Emblema ,2,Organización y logística,Baños,Espacios de bienestar (descanso),Euforia,"Sí, totalmente",Sí
10/10/2025 22:49:05,35 a 44,Hombre,Empleado(a) a tiempo completo,Rock / Alternativo,3 a 5 festivales,"Principalmente en ciudades grandes (CDMX, Guadalajara, Monterrey, etc.)","A veces, si vale mucho la pena",Con amix,Cartel / artistas,Bebidas dentro del festival 🥤,Más de  $500 mxn,Depende del tipo de festival,Me la paso bailando todo el tiempo 🕺,Un día y ya estoy como nuevo/a,Redes sociales,1,Corona,2,Artistas,Precios,Arte visual,Alegría,"Sí, totalmente",Sí
10/10/2025 22:52:37,35 a 44,Hombre,Empleado(a) a tiempo completo,Rock / Alternativo,1 a 2 festivales,"Principalmente en ciudades grandes (CDMX, Guadalajara, Monterrey, etc.)","No, solo asisto a los que hay en mi ciudad",Con amix,Cartel y precios ,Bebidas dentro del festival 🥤,"Entre $1,000 mxn y $2,000 mxn",Solo un día,Termino agotado/a pero feliz,Un día y ya estoy como nuevo/a,Redes sociales,3,Pitchfork ,1,Artistas,Precios,Experiencias tecnológicas / instalaciones interactivas,Conexión,"Sí, totalmente",Sí
10/10/2025 22:58:29,25 a 34,Hombre,Empleado/Freelance/Dueño,Hip-Hop / Rap / R&B,3 a 5 festivales,Depende del cartel,"A veces, si vale mucho la pena",Con amix,Cartel / artistas,Bebidas dentro del festival 🥤,"Entre $1,000 mxn y $2,000 mxn",Depende del tipo de festival,Termino agotado/a pero feliz,Un día y ya estoy como nuevo/a,Redes sociales,1,Cervantino,3,Producción y escenografía,Accesibilidad para todxs,Arte visual,Euforia,"Sí, totalmente",Sí
10/10/2025 23:00:14,35 a 44,Mujer,Empleado(a) a tiempo completo,Rock / Alternativo,3 a 5 festivales,"Principalmente en ciudades grandes (CDMX, Guadalajara, Monterrey, etc.)",Casi nunca,Con amix,Cartel / artistas,Transporte (ida y vuelta dentro de la ciudad),Máximo  $200 mxn,Solo un día,Tomo descansos entre shows,Dos o tres días de bajón,Redes sociales,2,Off Limits,1,Artistas,Calidad de sonido,Arte visual,Alegría,"Sí, totalmente",Sí
10/10/2025 23:34:42,35 a 44,Hombre,Freelance / Autónomo(a),Electrónica,1 a 2 festivales,"Principalmente en ciudades grandes (CDMX, Guadalajara, Monterrey, etc.)",Casi nunca,Con amix,Cartel / artistas,Bebidas dentro del festival 🥤,Más de  $500 mxn,Solo un día,Tomo descansos entre shows,Dos o tres días de bajón,Redes sociales,2,Mexsynthco,1,Convivencia y ambiente,Baños,Experiencias tecnológicas / instalaciones interactivas,Conexión,Algo,Sí
10/10/2025 23:55:20,25 a 34,No binari@,autoempleo?,Experimental,1 a 2 festivales,"Principalmente en ciudades grandes (CDMX, Guadalajara, Monterrey, etc.)","A veces, si vale mucho la pena",En pareja,Cartel / artistas,Bebidas dentro del festival 🥤,"Entre $1,000 mxn y $2,000 mxn",Depende del tipo de festival,Tomo descansos entre shows,Una semana para volver a la normalidad,Redes sociales,2,ceremonia 2025 ,5,Artistas,Seguridad,Espacios de bienestar (descanso),Euforia,"Sí, totalmente",Sí
11/10/2025 0:38:43,25 a 34,Hombre,Empleado(a) a tiempo completo,Rock / Alternativo,1 a 2 festivales,"Principalmente en ciudades grandes (CDMX, Guadalajara, Monterrey, etc.)",Casi nunca,Con amix,Cartel / artistas,Bebidas dentro del festival 🥤,Más de  $500 mxn,Depende del tipo de festival,Termino agotado/a pero feliz,Dos o tres días de bajón,Redes sociales,1,"En México, al MJazz. En el extranjero, al Fuzztival.",1,Artistas,Precios,Arte visual,Alegría,"Sí, totalmente",Sí
11/10/2025 0:46:45,25 a 34,Mujer,Desempleado(a),Hip-Hop / Rap / R&B,1 a 2 festivales,"Principalmente en ciudades grandes (CDMX, Guadalajara, Monterrey, etc.)","Sí, casi siempre",Con amix,Cartel / artistas,Transporte a la ciudad del festival 🚌🛬,Más de  $500 mxn,Depende del tipo de festival,Tomo descansos entre shows,Un día y ya estoy como nuevo/a,Amigos/as,3,Ceremonia 2024,3,Artistas,Señal e internet,Espacios de bienestar (descanso),Euforia,"Sí, totalmente",Sí
11/10/2025 1:36:26,25 a 34,Hombre,Empleado(a) a tiempo completo,Rock / Alternativo,Más de 10 festivales,"Principalmente en ciudades grandes (CDMX, Guadalajara, Monterrey, etc.)","A veces, si vale mucho la pena",En pareja,Cartel / artistas,Bebidas dentro del festival 🥤,"Más de $2,000 mxn",Depende del tipo de festival,Tomo descansos entre shows,Dos o tres días de bajón,Redes sociales,3,"Bandemia, fuzzada y conciertos. Más de 10",2,Artistas,Precios,Espacios de bienestar (descanso),Conexión,Algo,Tal vez
11/10/2025 2:54:20,25 a 34,Hombre,Freelance / Autónomo(a),Rock / Alternativo,1 a 2 festivales,"Principalmente en ciudades grandes (CDMX, Guadalajara, Monterrey, etc.)",Casi nunca,En pareja,Cartel / artistas,Bebidas dentro del festival 🥤,Más de  $500 mxn,Depende del tipo de festival,Busco zonas tranquilas o de sombra,Un día y ya estoy como nuevo/a,Redes sociales,4,CC,1,Calidad de sonido,Baños,Arte visual,Conexión,Algo,Tal vez
11/10/2025 7:32:29,25 a 34,Mujer,Empleado(a) a tiempo completo,Rock / Alternativo,1 a 2 festivales,"Principalmente en ciudades grandes (CDMX, Guadalajara, Monterrey, etc.)","No, solo asisto a los que hay en mi ciudad",Con amix,Precio,Bebidas dentro del festival 🥤,Más de  $500 mxn,Solo un día,Busco zonas tranquilas o de sombra,Un día y ya estoy como nuevo/a,Redes sociales,1,Hipnosis 2024,1,Espacio,Filas para accesos,Espacios de bienestar (descanso),Alegría,Algo,Tal vez
11/10/2025 8:02:36,35 a 44,Mujer,Freelance / Autónomo(a),Experimental,Más de 5 festivales,"Principalmente en ciudades grandes (CDMX, Guadalajara, Monterrey, etc.)","A veces, si vale mucho la pena",En pareja,Cartel / artistas,Bebidas dentro del festival 🥤,Entre $200 – 500 mxn,Depende del tipo de festival,Me la paso bailando todo el tiempo 🕺,Dos o tres días de bajón,Redes sociales,2,"Mutek , festival fotosíntesis ",1,Artistas,Accesibilidad para todxs,Iniciativas ecológicas o comunitarias,Conexión,Algo,Sí
11/10/2025 8:07:08,35 a 44,Hombre,Empleado(a) a tiempo completo,Rock / Alternativo,3 a 5 festivales,"Principalmente en ciudades grandes (CDMX, Guadalajara, Monterrey, etc.)",Casi nunca,Con amix,Cartel / artistas,Bebidas dentro del festival 🥤,Más de  $500 mxn,Solo un día,Tomo descansos entre shows,Dos o tres días de bajón,Amigos/as,3,Pitchfork ,2,Artistas,Precios,Experiencias tecnológicas / instalaciones interactivas,Conexión,"Sí, totalmente",Sí
11/10/2025 8:41:53,25 a 34,Hombre,Estudiante,Rock / Alternativo,1 a 2 festivales,"Principalmente en ciudades grandes (CDMX, Guadalajara, Monterrey, etc.)","No, solo asisto a los que hay en mi ciudad",En pareja,Precio,"Mercancía, si hay algo que me guste mucho, como un poster o una playera","Entre $1,000 mxn y $2,000 mxn",Solo un día,Busco zonas tranquilas o de sombra,Un día y ya estoy como nuevo/a,Redes sociales,1,Hipnosis 2024,5,Artistas,Precios,Iniciativas ecológicas o comunitarias,Alegría,No mucho,No
11/10/2025 10:03:29,25 a 34,Hombre,Empleado(a) a tiempo completo,Rock / Alternativo,1 a 2 festivales,"Principalmente en ciudades grandes (CDMX, Guadalajara, Monterrey, etc.)","A veces, si vale mucho la pena",Con amix,Cartel / artistas,Bebidas dentro del festival 🥤,Más de  $500 mxn,Depende del tipo de festival,Tomo descansos entre shows,Dos o tres días de bajón,Redes sociales,3,Hell and Heaven ,2,Artistas,Baños,Espacios de bienestar (descanso),Euforia,"Sí, totalmente",Sí
11/10/2025 10:21:42,35 a 44,Hombre,Empleado(a) a tiempo completo,Rock / Alternativo,1 a 2 festivales,"Principalmente en ciudades grandes (CDMX, Guadalajara, Monterrey, etc.)","No, solo asisto a los que hay en mi ciudad",Con amix,Cartel / artistas,Bebidas dentro del festival 🥤,Más de  $500 mxn,Depende del tipo de festival,Termino agotado/a pero feliz,Un día y ya estoy como nuevo/a,Amigos/as,2,Pitchfork,1,Artistas,Baños,Experiencias tecnológicas / instalaciones interactivas,Alegría,Algo,Sí
11/10/2025 10:54:43,25 a 34,Hombre,Freelance / Autónomo(a),Rock / Alternativo,1 a 2 festivales,"Principalmente en ciudades grandes (CDMX, Guadalajara, Monterrey, etc.)",Casi nunca,Sola(o),Cartel / artistas,Comida dentro del festival 🥫,Entre $200 – 500 mxn,Depende del tipo de festival,Suelo irme antes de que acabe,Dos o tres días de bajón,Redes sociales,2,Hipnosis del año pasado,4,Artistas,Precios,Arte visual,Euforia,Algo,Sí
11/10/2025 12:04:52,25 a 34,Hombre,Empleado(a) a tiempo completo,Rock / Alternativo,1 a 2 festivales,En ciudades medianas o eventos locales,"A veces, si vale mucho la pena",Con amix,Cartel / artistas,Bebidas dentro del festival 🥤,Más de  $500 mxn,Depende del tipo de festival,Tomo descansos entre shows,Un día y ya estoy como nuevo/a,Redes sociales,2,Hipnosis ,3,Artistas,Filas para accesos,Arte visual,Alegría,"Sí, totalmente",Sí
11/10/2025 14:37:04,25 a 34,Hombre,Empleado(a) a tiempo completo,Hip-Hop / Rap / R&B,1 a 2 festivales,"Principalmente en ciudades grandes (CDMX, Guadalajara, Monterrey, etc.)",Casi nunca,Sola(o),Cartel / artistas,Bebidas dentro del festival 🥤,Más de  $500 mxn,Depende del tipo de festival,Termino agotado/a pero feliz,Un día y ya estoy como nuevo/a,Redes sociales,1,Cc,3,Artistas,Precios,Iniciativas ecológicas o comunitarias,Alegría,"Sí, totalmente",Tal vez
11/10/2025 16:35:23,35 a 44,Mujer,Empleado(a) a tiempo completo,Pop,1 a 2 festivales,En ciudades medianas o eventos locales,Casi nunca,Con amix,Precio,Comida dentro del festival 🥫,Entre $200 – 500 mxn,Solo unas horas (voy por artistas específicos),Me la paso bailando todo el tiempo 🕺,Un día y ya estoy como nuevo/a,Redes sociales,2,Fimqro,1,Artistas,Baños,Arte visual,Conexión,"Sí, totalmente",Sí
11/10/2025 18:19:16,25 a 34,Hombre,Empleado(a) a tiempo completo,Hip-Hop / Rap / R&B,3 a 5 festivales,"Principalmente en ciudades grandes (CDMX, Guadalajara, Monterrey, etc.)","A veces, si vale mucho la pena",En pareja,Todas las anteriores ,Bebidas dentro del festival 🥤,"Entre $1,000 mxn y $2,000 mxn",Depende del tipo de festival,Tomo descansos entre shows,Un día y ya estoy como nuevo/a,Redes sociales,1,Axe Ceremonia,1,Artistas,Accesibilidad para todxs,"Es solo música, no se necesita más.",Euforia,"Sí, totalmente",Sí
11/10/2025 18:43:03,25 a 34,Hombre,Freelance / Autónomo(a),Rock / Alternativo,Más de 5 festivales,"Principalmente en ciudades grandes (CDMX, Guadalajara, Monterrey, etc.)","No, solo asisto a los que hay en mi ciudad",Con amix,Cartel / artistas,Bebidas dentro del festival 🥤,"Entre $1,000 mxn y $2,000 mxn",Depende del tipo de festival,Termino agotado/a pero feliz,Dos o tres días de bajón,Redes sociales,3,Pitchfork,1,Artistas,Baños,Arte visual,Alegría,"Sí, totalmente",Sí
11/10/2025 18:46:05,25 a 34,Mujer,Freelance / Autónomo(a),Rock / Alternativo,3 a 5 festivales,"Principalmente en ciudades grandes (CDMX, Guadalajara, Monterrey, etc.)","A veces, si vale mucho la pena",Con amix,Cartel / artistas,Bebidas dentro del festival 🥤,Entre $200 – 500 mxn,Depende del tipo de festival,Termino agotado/a pero feliz,Un día y ya estoy como nuevo/a,Redes sociales,3,coachella ,1,Organización y logística,Precios,Iniciativas ecológicas o comunitarias,Conexión,"Sí, totalmente",Sí
11/10/2025 19:06:54,25 a 34,Mujer,Empleado(a) a tiempo completo,Electrónica,1 a 2 festivales,"Principalmente en ciudades grandes (CDMX, Guadalajara, Monterrey, etc.)",Casi nunca,Con amix,Cartel / artistas,Comida dentro del festival 🥫,Entre $200 – 500 mxn,Depende del tipo de festival,Me la paso bailando todo el tiempo 🕺,Dos o tres días de bajón,Redes sociales,1,EDC,3,Visuales,Limpieza / sustentabilidad,Arte visual,Conexión,"Sí, totalmente",Sí
11/10/2025 19:12:13,35 a 44,Hombre,Empleado(a) a tiempo completo,Rock / Alternativo,1 a 2 festivales,"Principalmente en ciudades grandes (CDMX, Guadalajara, Monterrey, etc.)","A veces, si vale mucho la pena",En pareja,Cartel / artistas,Hospedaje en la ciudad del festival 🛏️ 🏨,"Entre $1,000 mxn y $2,000 mxn",Depende del tipo de festival,Termino agotado/a pero feliz,Un día y ya estoy como nuevo/a,Redes sociales,3,Vive Latino,1,Convivencia y ambiente,Precios,Experiencias tecnológicas / instalaciones interactivas,Alegría,"Sí, totalmente",Sí
11/10/2025 19:31:07,25 a 34,Mujer,Desempleado(a),Rock / Alternativo,1 a 2 festivales,"Principalmente en ciudades grandes (CDMX, Guadalajara, Monterrey, etc.)","A veces, si vale mucho la pena",Con familia,Cartel / artistas,Comida dentro del festival 🥫,Más de  $500 mxn,Depende del tipo de festival,Termino agotado/a pero feliz,Dos o tres días de bajón,Redes sociales,1,Vive latino ,2,Artistas,Precios,Arte visual,Alegría,"Sí, totalmente",Sí
11/10/2025 19:32:35,35 a 44,Mujer,Empleado(a) a tiempo completo,Rock / Alternativo,Más de 5 festivales,"Principalmente en ciudades grandes (CDMX, Guadalajara, Monterrey, etc.)","A veces, si vale mucho la pena",Con amix,Cartel / artistas,Bebidas dentro del festival 🥤,"Más de $2,000 mxn",Depende del tipo de festival,Termino agotado/a pero feliz,Un día y ya estoy como nuevo/a,Redes sociales,3,Vaiven,2,Artistas,Precios,Arte visual,Alegría,"Sí, totalmente",Sí
11/10/2025 19:33:16,25 a 34,Hombre,Empleado(a) a tiempo completo,Rock / Alternativo,1 a 2 festivales,"Principalmente en ciudades grandes (CDMX, Guadalajara, Monterrey, etc.)",Casi nunca,Sola(o),Cartel / artistas,Bebidas dentro del festival 🥤,Entre $200 – 500 mxn,Depende del tipo de festival,Termino agotado/a pero feliz,No me recupero… hasta el siguiente festival,Redes sociales,2,Corona Capital,1,Artistas,Precios,Espacios de bienestar (descanso),Euforia,"Sí, totalmente",Sí
11/10/2025 19:42:40,25 a 34,Hombre,Empleado(a) a tiempo completo,Rock / Alternativo,3 a 5 festivales,"Principalmente en ciudades grandes (CDMX, Guadalajara, Monterrey, etc.)","A veces, si vale mucho la pena",Con amix,Cartel / artistas,Transporte (ida y vuelta dentro de la ciudad),"Entre $1,000 mxn y $2,000 mxn",Depende del tipo de festival,Termino agotado/a pero feliz,Dos o tres días de bajón,Redes sociales,3,VIVE LATINO / ZOÉ ESTADIO GNP,4,Artistas,Accesibilidad para todxs,Experiencias tecnológicas / instalaciones interactivas,Euforia,"Sí, totalmente",Sí
11/10/2025 19:47:31,25 a 34,Hombre,Empleado(a) a tiempo completo,Rock / Alternativo,Más de 5 festivales,"Principalmente en ciudades grandes (CDMX, Guadalajara, Monterrey, etc.)","Sí, casi siempre",Con amix,Cartel / artistas,Hospedaje en la ciudad del festival 🛏️ 🏨,"Entre $1,000 mxn y $2,000 mxn",Depende del tipo de festival,Tomo descansos entre shows,Dos o tres días de bajón,Redes sociales,3,Vive Latino ,3,Artistas,Señal e internet,Espacios de bienestar (descanso),Conexión,"Sí, totalmente",Sí
11/10/2025 19:55:12,25 a 34,Hombre,Freelance / Autónomo(a),Rock / Alternativo,3 a 5 festivales,"Principalmente en ciudades grandes (CDMX, Guadalajara, Monterrey, etc.)","A veces, si vale mucho la pena",Sola(o),Cartel / artistas,Bebidas dentro del festival 🥤,Entre $200 – 500 mxn,Solo unas horas (voy por artistas específicos),Busco zonas tranquilas o de sombra,Una semana para volver a la normalidad,Redes sociales,3,Estéreo Picnic,1,Organización y logística,Señal e internet,Arte visual,Euforia,"Sí, totalmente",Sí
11/10/2025 20:04:13,25 a 34,Hombre,Empleado(a) a tiempo completo,Folk,1 a 2 festivales,"Principalmente en ciudades grandes (CDMX, Guadalajara, Monterrey, etc.)",Casi nunca,Con amix,Precio,Comida dentro del festival 🥫,Entre $200 – 500 mxn,Solo un día,Tomo descansos entre shows,Dos o tres días de bajón,Redes sociales,2,Vive latino ,3,Artistas,Baños,Espacios de bienestar (descanso),Alegría,Algo,Sí
11/10/2025 20:06:47,35 a 44,Hombre,Empleado(a) a tiempo completo,Rock / Alternativo,Más de 10 festivales,"Principalmente en ciudades grandes (CDMX, Guadalajara, Monterrey, etc.)","Sí, casi siempre",Con amix,Cartel / artistas,Transporte (ida y vuelta dentro de la ciudad),"Más de $2,000 mxn",Depende del tipo de festival,Termino agotado/a pero feliz,Un día y ya estoy como nuevo/a,Redes sociales,5,Vive Latino,1,Artistas,Precios,Espacios de bienestar (descanso),Alegría,"Sí, totalmente",Sí
11/10/2025 20:14:03,25 a 34,Hombre,Empleado(a) a tiempo parcial,Rock / Alternativo,1 a 2 festivales,"Principalmente en ciudades grandes (CDMX, Guadalajara, Monterrey, etc.)",Casi nunca,En pareja,Cartel / artistas,Bebidas dentro del festival 🥤,Más de  $500 mxn,Depende del tipo de festival,Tomo descansos entre shows,Un día y ya estoy como nuevo/a,Redes sociales,2,Pulso GNP,1,Artistas,Baños,Espacios de bienestar (descanso),Alegría,"Sí, totalmente",Sí
11/10/2025 20:23:55,25 a 34,Mujer,Freelance / Autónomo(a),Reguetón,3 a 5 festivales,"Principalmente en ciudades grandes (CDMX, Guadalajara, Monterrey, etc.)","No, solo asisto a los que hay en mi ciudad",Sola(o),Cartel / artistas,Comida dentro del festival 🥫,Entre $200 – 500 mxn,Depende del tipo de festival,Termino agotado/a pero feliz,Dos o tres días de bajón,Redes sociales,4,Flow Fest,3,Artistas,Precios,Espacios de bienestar (descanso),Nostalgia,Para nada,No
11/10/2025 22:14:01,25 a 34,Mujer,Empleado(a) a tiempo completo,Rock / Alternativo,1 a 2 festivales,"Principalmente en ciudades grandes (CDMX, Guadalajara, Monterrey, etc.)",Casi nunca,Con amix,Cartel / artistas,Bebidas dentro del festival 🥤,Más de  $500 mxn,Depende del tipo de festival,Tomo descansos entre shows,Una semana para volver a la normalidad,Redes sociales,1,Hipnosis,3,Convivencia y ambiente,Seguridad,Espacios de bienestar (descanso),Nostalgia,"Sí, totalmente",Sí
11/10/2025 22:46:54,25 a 34,Mujer,Empleado(a) a tiempo completo,Rock / Alternativo,3 a 5 festivales,"Principalmente en ciudades grandes (CDMX, Guadalajara, Monterrey, etc.)",Casi nunca,Con amix,Cartel / artistas,Bebidas dentro del festival 🥤,"Entre $1,000 mxn y $2,000 mxn",Depende del tipo de festival,Termino agotado/a pero feliz,Un día y ya estoy como nuevo/a,Redes sociales,2,Ceremonia 2025,2,Artistas,Precios,Espacios de bienestar (descanso),Alegría,"Sí, totalmente",Sí
12/10/2025 7:17:45,35 a 44,Hombre,Empleado(a) a tiempo completo,Rock / Alternativo,1 a 2 festivales,"Principalmente en ciudades grandes (CDMX, Guadalajara, Monterrey, etc.)",Casi nunca,Con amix,Cartel / artistas,Comida dentro del festival 🥫,Entre $200 – 500 mxn,Solo un día,Tomo descansos entre shows,Un día y ya estoy como nuevo/a,Redes sociales,3,Corona capital ,3,Artistas,Baños,Arte visual,Alegría,"Sí, totalmente",Sí
12/10/2025 9:26:14,35 a 44,Mujer,Freelance / Autónomo(a),Rock / Alternativo,3 a 5 festivales,"Principalmente en ciudades grandes (CDMX, Guadalajara, Monterrey, etc.)","A veces, si vale mucho la pena",Con amix,Cartel / artistas,Comida dentro del festival 🥫,Entre $200 – 500 mxn,Depende del tipo de festival,Termino agotado/a pero feliz,Un día y ya estoy como nuevo/a,Redes sociales,3,Hipnosis ,1,Artistas,Baños,Espacios de bienestar (descanso),Alegría,"Sí, totalmente",Sí
12/10/2025 10:45:51,25 a 34,Hombre,Empleado(a) a tiempo completo,Rock / Alternativo,1 a 2 festivales,"Principalmente en ciudades grandes (CDMX, Guadalajara, Monterrey, etc.)",Casi nunca,Con amix,Cartel / artistas,Bebidas dentro del festival 🥤,"Entre $1,000 mxn y $2,000 mxn",Depende del tipo de festival,Termino agotado/a pero feliz,Un día y ya estoy como nuevo/a,Redes sociales,3,VL25,4,Artistas,Filas para accesos,Espacios de bienestar (descanso),Alegría,"Sí, totalmente",Sí
12/10/2025 14:20:41,35 a 44,Hombre,Empleado(a) a tiempo completo,Rock / Alternativo,1 a 2 festivales,"Principalmente en ciudades grandes (CDMX, Guadalajara, Monterrey, etc.)",Casi nunca,En pareja,Precio,Bebidas dentro del festival 🥤,"Entre $1,000 mxn y $2,000 mxn",Depende del tipo de festival,Tomo descansos entre shows,Dos o tres días de bajón,Redes sociales,4,Vive Latino 2025,3,Calidad de sonido,Precios,Espacios de bienestar (descanso),Alegría,Algo,No
12/10/2025 15:45:00,25 a 34,Mujer,Estudiante,Rock / Alternativo,1 a 2 festivales,"Principalmente en ciudades grandes (CDMX, Guadalajara, Monterrey, etc.)","No, solo asisto a los que hay en mi ciudad",En pareja,Precio,Transporte (ida y vuelta dentro de la ciudad),Máximo  $200 mxn,Depende del tipo de festival,Tomo descansos entre shows,Un día y ya estoy como nuevo/a,Redes sociales,3,Festival Brillante 2025,1,Organización y logística,Precios,Iniciativas ecológicas o comunitarias,Euforia,"Sí, totalmente",Sí
12/10/2025 19:24:30,25 a 34,Hombre,Empleado(a) a tiempo completo,Rock / Alternativo,1 a 2 festivales,"Principalmente en ciudades grandes (CDMX, Guadalajara, Monterrey, etc.)","Sí, casi siempre",Sola(o),Disponibilidad de tiempo,Transporte a la ciudad del festival 🚌🛬,Máximo  $200 mxn,Depende del tipo de festival,Tomo descansos entre shows,Dos o tres días de bajón,Redes sociales,2,Ceremonia 2025,4,Artistas,Demasiada distancia entre escenarios,Espacios de bienestar (descanso),Cansancio,Algo,Tal vez
12/10/2025 20:52:16,25 a 34,No binari@,Empleado(a) a tiempo parcial,Experimental,1 a 2 festivales,"Principalmente en ciudades grandes (CDMX, Guadalajara, Monterrey, etc.)","A veces, si vale mucho la pena",Con amix,Precio,Bebidas dentro del festival 🥤,Entre $200 – 500 mxn,Depende del tipo de festival,Me la paso bailando todo el tiempo 🕺,Dos o tres días de bajón,Redes sociales,3,Mutek,1,Artistas,Precios,Espacios de bienestar (descanso),Conexión,"Sí, totalmente",Sí
12/10/2025 23:59:39,35 a 44,Hombre,Empleado(a) a tiempo completo,Rock / Alternativo,Más de 5 festivales,"Principalmente en ciudades grandes (CDMX, Guadalajara, Monterrey, etc.)","A veces, si vale mucho la pena",En pareja,Cartel / artistas,Bebidas dentro del festival 🥤,"Entre $1,000 mxn y $2,000 mxn",Solo un día,Me la paso bailando todo el tiempo 🕺,Una semana para volver a la normalidad,Redes sociales,1,Vaivén ,5,Artistas,Seguridad,Arte visual,Euforia,"Sí, totalmente",Sí
13/10/2025 10:07:21,25 a 34,Mujer,Empleado(a) a tiempo completo,Electrónica,1 a 2 festivales,"Principalmente en ciudades grandes (CDMX, Guadalajara, Monterrey, etc.)",Casi nunca,En pareja,Cartel / artistas,Bebidas dentro del festival 🥤,"Más de $2,000 mxn",Depende del tipo de festival,Tomo descansos entre shows,Dos o tres días de bajón,Redes sociales,3,Vaiven 2025,1,Artistas,Baños,Experiencias tecnológicas / instalaciones interactivas,Alegría,Algo,No
13/10/2025 10:25:44,25 a 34,Hombre,Empleado(a) a tiempo completo,Rock / Alternativo,3 a 5 festivales,"Principalmente en ciudades grandes (CDMX, Guadalajara, Monterrey, etc.)","Sí, casi siempre",Con amix,Cartel / artistas,Transporte a la ciudad del festival 🚌🛬,"Entre $1,000 mxn y $2,000 mxn",Solo un día,Tomo descansos entre shows,Un día y ya estoy como nuevo/a,Redes sociales,5,Vaiven,1,Convivencia y ambiente,Baños,Arte visual,Alegría,"Sí, totalmente",Sí
13/10/2025 10:37:56,35 a 44,Mujer,Empleado(a) a tiempo completo,Electrónica,1 a 2 festivales,"Principalmente en ciudades grandes (CDMX, Guadalajara, Monterrey, etc.)","Sí, casi siempre",Con familia,Cartel / artistas,Bebidas dentro del festival 🥤,Más de  $500 mxn,Solo un día,Termino agotado/a pero feliz,Dos o tres días de bajón,Redes sociales,4,Vive Latino,4,Artistas,Precios,Iniciativas ecológicas o comunitarias,Alegría,Algo,Sí
13/10/2025 11:25:13,45 o más,Mujer,Empleado(a) a tiempo completo,Electrónica,3 a 5 festivales,"Principalmente en ciudades grandes (CDMX, Guadalajara, Monterrey, etc.)",Casi nunca,En pareja,Cartel / artistas,Bebidas dentro del festival 🥤,Entre $200 – 500 mxn,Depende del tipo de festival,Tomo descansos entre shows,Una semana para volver a la normalidad,Redes sociales,3,Edc,3,Producción y escenografía,Filas para accesos,Espacios de bienestar (descanso),Conexión,Algo,Tal vez
13/10/2025 11:37:36,25 a 34,Mujer,Empleado(a) a tiempo completo,Electrónica,1 a 2 festivales,"Principalmente en ciudades grandes (CDMX, Guadalajara, Monterrey, etc.)","Sí, casi siempre",Con familia,Diseño del espacio / experiencia,Transporte (ida y vuelta dentro de la ciudad),"Entre $1,000 mxn y $2,000 mxn",Solo un día,Tomo descansos entre shows,Un día y ya estoy como nuevo/a,Redes sociales,1,Festival Vaivén ,1,Calidad de sonido,Comida,Espacios de bienestar (descanso),Alegría,"Sí, totalmente",Sí
13/10/2025 11:39:26,35 a 44,Hombre,Empleado(a) a tiempo completo,Electrónica,1 a 2 festivales,"Principalmente en ciudades grandes (CDMX, Guadalajara, Monterrey, etc.)","Sí, casi siempre",En pareja,Cartel / artistas,Bebidas dentro del festival 🥤,Más de  $500 mxn,Depende del tipo de festival,Me la paso bailando todo el tiempo 🕺,Una semana para volver a la normalidad,Redes sociales,1,Vaivén,2,Calidad de sonido,Filas para accesos,Experiencias tecnológicas / instalaciones interactivas,Conexión,"Sí, totalmente",Sí
13/10/2025 11:59:26,25 a 34,Hombre,Estudiante,Electrónica,3 a 5 festivales,"Principalmente en ciudades grandes (CDMX, Guadalajara, Monterrey, etc.)","A veces, si vale mucho la pena",En pareja,Cartel / artistas,Bebidas dentro del festival 🥤,"Entre $1,000 mxn y $2,000 mxn",Depende del tipo de festival,Tomo descansos entre shows,Un día y ya estoy como nuevo/a,Amigos/as,1,Vaiven 2025,1,Artistas,Precios,Espacios de bienestar (descanso),Alegría,"Sí, totalmente",Sí
13/10/2025 12:12:23,25 a 34,Hombre,Empleado(a) a tiempo completo,Electrónica,Más de 5 festivales,"Principalmente en ciudades grandes (CDMX, Guadalajara, Monterrey, etc.)","A veces, si vale mucho la pena",En pareja,Cartel / artistas,Bebidas dentro del festival 🥤,Más de  $500 mxn,Solo un día,Tomo descansos entre shows,Un día y ya estoy como nuevo/a,Redes sociales,1,Vaivén 2025,1,Producción y escenografía,Baños,Experiencias tecnológicas / instalaciones interactivas,Euforia,"Sí, totalmente",Sí
13/10/2025 13:19:58,25 a 34,Hombre,Desempleado(a),Electrónica,1 a 2 festivales,"Principalmente en ciudades grandes (CDMX, Guadalajara, Monterrey, etc.)","Sí, casi siempre",En pareja,Cartel / artistas,Hospedaje en la ciudad del festival 🛏️ 🏨,Entre $200 – 500 mxn,Depende del tipo de festival,Me la paso bailando todo el tiempo 🕺,Dos o tres días de bajón,Redes sociales,5,Tecate emblema,2,Artistas,Baños,Experiencias tecnológicas / instalaciones interactivas,Alegría,"Sí, totalmente",Sí
13/10/2025 13:53:20,35 a 44,Hombre,Estudiante,Rock / Alternativo,1 a 2 festivales,"Principalmente en ciudades grandes (CDMX, Guadalajara, Monterrey, etc.)",Casi nunca,Sola(o),Cartel / artistas,Transporte (ida y vuelta dentro de la ciudad),Máximo  $200 mxn,Depende del tipo de festival,Tomo descansos entre shows,Un día y ya estoy como nuevo/a,Redes sociales,2,Hipnosis 2024,3,Artistas,Precios,Espacios de bienestar (descanso),Alegría,"Sí, totalmente",Sí
13/10/2025 13:57:14,25 a 34,Hombre,Freelance / Autónomo(a),Una mezcla de casi todas sus opciones ,3 a 5 festivales,En ciudades medianas o eventos locales,"A veces, si vale mucho la pena",Con amix,Cartel / artistas,Comida dentro del festival 🥫,Entre $200 – 500 mxn,Depende del tipo de festival,Busco zonas tranquilas o de sombra,Un día y ya estoy como nuevo/a,Amigos/as,3,Atmosphere de Ommix,3,Artistas,Seguridad,Experiencias tecnológicas / instalaciones interactivas,Euforia,No mucho,Sí
13/10/2025 14:12:41,35 a 44,Hombre,Freelance / Autónomo(a),Rock / Alternativo,1 a 2 festivales,"Principalmente en ciudades grandes (CDMX, Guadalajara, Monterrey, etc.)",Casi nunca,Con amix,Cartel / artistas,Bebidas dentro del festival 🥤,"Entre $1,000 mxn y $2,000 mxn",Solo un día,Termino agotado/a pero feliz,Dos o tres días de bajón,Amigos/as,1,Corona capital,1,Artistas,Precios,Espacios de bienestar (descanso),Euforia,"Sí, totalmente",Sí
13/10/2025 14:17:22,25 a 34,Hombre,Empleado(a) a tiempo completo,Rock / Alternativo,1 a 2 festivales,"Principalmente en ciudades grandes (CDMX, Guadalajara, Monterrey, etc.)","Sí, casi siempre",Sola(o),Cartel / artistas,Comida dentro del festival 🥫,Entre $200 – 500 mxn,Depende del tipo de festival,Tomo descansos entre shows,Un día y ya estoy como nuevo/a,Redes sociales,2,Unts Unts Unts 2024,3,Artistas,Precios,Arte visual,"Depende de diversos factores(artistas, ambiente, etc)","Sí, totalmente",Tal vez
13/10/2025 14:18:45,25 a 34,Hombre,Empleado(a) a tiempo completo,Rock / Alternativo,3 a 5 festivales,"Principalmente en ciudades grandes (CDMX, Guadalajara, Monterrey, etc.)","A veces, si vale mucho la pena",Con amix,Cartel / artistas,Bebidas dentro del festival 🥤,Entre $200 – 500 mxn,Solo un día,Termino agotado/a pero feliz,Un día y ya estoy como nuevo/a,Redes sociales,1,Axe Ceremonia,4,Artistas,Seguridad,Arte visual,Alegría,"Sí, totalmente",Sí
13/10/2025 14:26:32,25 a 34,Hombre,Empleado(a) a tiempo completo,Electrónica,1 a 2 festivales,"Principalmente en ciudades grandes (CDMX, Guadalajara, Monterrey, etc.)","A veces, si vale mucho la pena",Con amix,Diseño del espacio / experiencia,Comida dentro del festival 🥫,"Entre $1,000 mxn y $2,000 mxn",Depende del tipo de festival,Termino agotado/a pero feliz,Dos o tres días de bajón,Redes sociales,3,Vaiven,2,Convivencia y ambiente,Baños,Espacios de bienestar (descanso),Conexión,Algo,Sí
13/10/2025 14:56:49,25 a 34,Mujer,Empleado(a) a tiempo completo,Rock / Alternativo,3 a 5 festivales,"Principalmente en ciudades grandes (CDMX, Guadalajara, Monterrey, etc.)","Sí, casi siempre",En pareja,Cartel / artistas,Hospedaje en la ciudad del festival 🛏️ 🏨,Más de  $500 mxn,Solo un día,Tomo descansos entre shows,Un día y ya estoy como nuevo/a,Redes sociales,2,Pulso gnp,4,Artistas,"Había demasiada gente para un espacio pequeño, no hubo logistica",Espacios de bienestar (descanso),Euforia,"Sí, totalmente",Sí
13/10/2025 14:59:34,25 a 34,Hombre,Empleado(a) a tiempo parcial,Electrónica,1 a 2 festivales,"Principalmente en ciudades grandes (CDMX, Guadalajara, Monterrey, etc.)","A veces, si vale mucho la pena",Sola(o),Cartel / artistas,Bebidas dentro del festival 🥤,"Entre $1,000 mxn y $2,000 mxn",Depende del tipo de festival,Me la paso bailando todo el tiempo 🕺,Un día y ya estoy como nuevo/a,Redes sociales,4,Vaiven,4,Artistas,Precios,Iniciativas ecológicas o comunitarias,Alegría,"Sí, totalmente",Sí
13/10/2025 15:12:59,35 a 44,Hombre,Freelance / Autónomo(a),Electrónica,Más de 10 festivales,"Principalmente en ciudades grandes (CDMX, Guadalajara, Monterrey, etc.)","Sí, casi siempre",Sola(o),Cartel / artistas,Transporte a la ciudad del festival 🚌🛬,"Entre $1,000 mxn y $2,000 mxn",Depende del tipo de festival,Tomo descansos entre shows,Un día y ya estoy como nuevo/a,Redes sociales,1,vaiven 2025,1,Artistas,Señal e internet,Arte visual,Euforia,"Sí, totalmente",Sí
13/10/2025 15:32:55,25 a 34,Mujer,Empleado(a) a tiempo completo,Rock / Alternativo,3 a 5 festivales,"Principalmente en ciudades grandes (CDMX, Guadalajara, Monterrey, etc.)","A veces, si vale mucho la pena",Con amix,Cartel / artistas,Bebidas dentro del festival 🥤,"Entre $1,000 mxn y $2,000 mxn",Depende del tipo de festival,Me la paso bailando todo el tiempo 🕺,Un día y ya estoy como nuevo/a,Redes sociales,1,Vaivén,1,Artistas,Baños,Arte visual,Alegría,"Sí, totalmente",Sí
13/10/2025 15:45:02,19 a  24,Hombre,Empleado(a) a tiempo parcial,Electrónica,1 a 2 festivales,En ciudades medianas o eventos locales,"Sí, casi siempre",Con amix,Cartel / artistas,Transporte a la ciudad del festival 🚌🛬,Entre $200 – 500 mxn,Solo un día,Tomo descansos entre shows,Dos o tres días de bajón,Redes sociales,1,Vaiven 2025,1,Convivencia y ambiente,Precios,Espacios de bienestar (descanso),Conexión,"Sí, totalmente",Sí
13/10/2025 16:17:59,25 a 34,Hombre,Desempleado(a),Pop,3 a 5 festivales,"Principalmente en ciudades grandes (CDMX, Guadalajara, Monterrey, etc.)","Sí, casi siempre",Sola(o),Cartel / artistas,Transporte a la ciudad del festival 🚌🛬,Más de  $500 mxn,Depende del tipo de festival,Termino agotado/a pero feliz,Un día y ya estoy como nuevo/a,Redes sociales,2,Vive Latino ,4,Artistas,Señal e internet,Espacios de bienestar (descanso),Alegría,No mucho,Sí
13/10/2025 16:40:31,35 a 44,Hombre,Empleado(a) a tiempo completo,Electrónica,3 a 5 festivales,En zonas rurales o festivales fuera del circuito urbano,"A veces, si vale mucho la pena",Con amix,Cartel / artistas,Bebidas dentro del festival 🥤,Entre $200 – 500 mxn,Depende del tipo de festival,Me la paso bailando todo el tiempo 🕺,Dos o tres días de bajón,Redes sociales,3,Vaivén ,1,Artistas,Precios,Arte visual,Euforia,Algo,Tal vez
13/10/2025 16:57:57,25 a 34,Hombre,Freelance / Autónomo(a),Electrónica,3 a 5 festivales,En zonas rurales o festivales fuera del circuito urbano,"A veces, si vale mucho la pena",Con amix,Cartel / artistas,Hospedaje en la ciudad del festival 🛏️ 🏨,"Entre $1,000 mxn y $2,000 mxn",Depende del tipo de festival,Me la paso bailando todo el tiempo 🕺,Un día y ya estoy como nuevo/a,Redes sociales,3,Vaiven,3,Organización y logística,Señal e internet,Espacios de bienestar (descanso),Euforia,"Sí, totalmente",Sí
13/10/2025 17:15:10,35 a 44,Hombre,Empleado(a) a tiempo completo,Rock / Alternativo,1 a 2 festivales,"Principalmente en ciudades grandes (CDMX, Guadalajara, Monterrey, etc.)","A veces, si vale mucho la pena",Con familia,Precio,Comida dentro del festival 🥫,"Entre $1,000 mxn y $2,000 mxn",Depende del tipo de festival,Tomo descansos entre shows,Una semana para volver a la normalidad,Redes sociales,2,Vive latino ,1,Organización y logística,Baños,Nada ,Alegría,"Sí, totalmente",Sí
13/10/2025 17:28:50,25 a 34,Hombre,Empleado(a) a tiempo completo,Experimental,1 a 2 festivales,"Principalmente en ciudades grandes (CDMX, Guadalajara, Monterrey, etc.)",Casi nunca,Sola(o),Cartel / artistas,Bebidas dentro del festival 🥤,Más de  $500 mxn,Depende del tipo de festival,Tomo descansos entre shows,Un día y ya estoy como nuevo/a,Redes sociales,2,Mutek 21,1,Artistas,Precios,Todas las anteriores,Conexión,"Sí, totalmente",Sí
13/10/2025 18:36:01,25 a 34,Mujer,Empleado(a) a tiempo completo,Pop,1 a 2 festivales,"Principalmente en ciudades grandes (CDMX, Guadalajara, Monterrey, etc.)","A veces, si vale mucho la pena",Con amix,Cartel / artistas,Hospedaje en la ciudad del festival 🛏️ 🏨,"Entre $1,000 mxn y $2,000 mxn",Solo un día,Tomo descansos entre shows,Dos o tres días de bajón,Redes sociales,3,Flow fest 2024,3,Convivencia y ambiente,Baños,Arte visual,Conexión,"Sí, totalmente",Sí
13/10/2025 19:01:10,25 a 34,Hombre,Empleado(a) a tiempo completo,Rock / Alternativo,1 a 2 festivales,"Principalmente en ciudades grandes (CDMX, Guadalajara, Monterrey, etc.)","Sí, casi siempre",Con amix,Cartel / artistas,Hospedaje en la ciudad del festival 🛏️ 🏨,"Entre $1,000 mxn y $2,000 mxn",Depende del tipo de festival,Termino agotado/a pero feliz,Un día y ya estoy como nuevo/a,Redes sociales,5,Vaivén ,3,Artistas,Precios,Espacios de bienestar (descanso),Alegría,"Sí, totalmente",Sí
13/10/2025 21:44:15,25 a 34,Hombre,Empleado(a) a tiempo completo,Pop,3 a 5 festivales,"Principalmente en ciudades grandes (CDMX, Guadalajara, Monterrey, etc.)","Sí, casi siempre",Con amix,Cartel / artistas,Hospedaje en la ciudad del festival 🛏️ 🏨,Más de  $500 mxn,Depende del tipo de festival,Me la paso bailando todo el tiempo 🕺,Un día y ya estoy como nuevo/a,Redes sociales,2,Coachella en EUA y AXE Ceremonia en CDMX,2,Artistas,Precios,Espacios de bienestar (descanso),Euforia,"Sí, totalmente",Sí
13/10/2025 21:56:07,25 a 34,Hombre,Empleado(a) a tiempo completo,Rock / Alternativo,3 a 5 festivales,"Principalmente en ciudades grandes (CDMX, Guadalajara, Monterrey, etc.)","A veces, si vale mucho la pena",Con amix,Cartel / artistas,Transporte a la ciudad del festival 🚌🛬,Entre $200 – 500 mxn,Depende del tipo de festival,Me la paso bailando todo el tiempo 🕺,Dos o tres días de bajón,Redes sociales,3,Vaivén ,3,Artistas,Señal e internet,Espacios de bienestar (descanso),Conexión,"Sí, totalmente",Sí
13/10/2025 21:58:34,25 a 34,Mujer,Empleado(a) a tiempo completo,Electrónica,1 a 2 festivales,"Principalmente en ciudades grandes (CDMX, Guadalajara, Monterrey, etc.)",Casi nunca,En pareja,Cartel / artistas,Bebidas dentro del festival 🥤,Más de  $500 mxn,Depende del tipo de festival,Tomo descansos entre shows,Dos o tres días de bajón,Redes sociales,4,vaiven ,3,Artistas,Baños,Espacios de bienestar (descanso),Euforia,Algo,Sí
13/10/2025 22:18:33,25 a 34,Mujer,Empleado(a) a tiempo completo,Rock / Alternativo,3 a 5 festivales,En ciudades medianas o eventos locales,"A veces, si vale mucho la pena",Sola(o),Cartel / artistas,Transporte (ida y vuelta dentro de la ciudad),Entre $200 – 500 mxn,Solo un día,Termino agotado/a pero feliz,Un día y ya estoy como nuevo/a,Redes sociales,4,Skatex,3,Artistas,Baños,Espacios de bienestar (descanso),Euforia,"Sí, totalmente",Sí
13/10/2025 23:10:45,25 a 34,Hombre,Empleado(a) a tiempo completo,Pop,1 a 2 festivales,"Principalmente en ciudades grandes (CDMX, Guadalajara, Monterrey, etc.)","Sí, casi siempre",En pareja,Cartel / artistas,Transporte (ida y vuelta dentro de la ciudad),Más de  $500 mxn,Depende del tipo de festival,Tomo descansos entre shows,Un día y ya estoy como nuevo/a,Redes sociales,3,Vaiven  25,2,Artistas,Mucha gente  drogada,Arte visual,Alegría,Algo,No
13/10/2025 23:37:34,19 a  24,Hombre,Estudiante,Pop,1 a 2 festivales,"Principalmente en ciudades grandes (CDMX, Guadalajara, Monterrey, etc.)","A veces, si vale mucho la pena",Sola(o),Cartel / artistas,Transporte a la ciudad del festival 🚌🛬,"Entre $1,000 mxn y $2,000 mxn",Depende del tipo de festival,Termino agotado/a pero feliz,Un día y ya estoy como nuevo/a,Redes sociales,1,Vaivén,2,Artistas,Señal e internet,Experiencias tecnológicas / instalaciones interactivas,Euforia,"Sí, totalmente",Sí
14/10/2025 0:14:25,25 a 34,Hombre,Empleado(a) a tiempo completo,Electrónica,3 a 5 festivales,"Principalmente en ciudades grandes (CDMX, Guadalajara, Monterrey, etc.)","Sí, casi siempre",Con amix,Cartel / artistas,Transporte a la ciudad del festival 🚌🛬,"Entre $1,000 mxn y $2,000 mxn",Depende del tipo de festival,Me la paso bailando todo el tiempo 🕺,Dos o tres días de bajón,Redes sociales,2,Vaivén ,2,Producción y escenografía,Precios,Experiencias tecnológicas / instalaciones interactivas,Alegría,"Sí, totalmente",Sí
14/10/2025 0:40:18,19 a  24,Hombre,Freelance / Autónomo(a),Electrónica,3 a 5 festivales,"Principalmente en ciudades grandes (CDMX, Guadalajara, Monterrey, etc.)","A veces, si vale mucho la pena",Con amix,Cartel / artistas,Bebidas dentro del festival 🥤,"Entre $1,000 mxn y $2,000 mxn",Depende del tipo de festival,Termino agotado/a pero feliz,Un día y ya estoy como nuevo/a,Redes sociales,3,Zamna ,5,Calidad de sonido,Precios,Experiencias tecnológicas / instalaciones interactivas,Conexión,"Sí, totalmente",Sí
14/10/2025 13:37:06,25 a 34,Mujer,Empleado(a) a tiempo completo,Rock / Alternativo,1 a 2 festivales,"Principalmente en ciudades grandes (CDMX, Guadalajara, Monterrey, etc.)","A veces, si vale mucho la pena",En pareja,Cartel / artistas,Transporte (ida y vuelta dentro de la ciudad),"Entre $1,000 mxn y $2,000 mxn",Depende del tipo de festival,Tomo descansos entre shows,Un día y ya estoy como nuevo/a,Redes sociales,1,Vaivén ,4,Artistas,Baños,Arte visual,Alegría,"Sí, totalmente",Sí
14/10/2025 20:21:19,35 a 44,Hombre,Comerciante,Electrónica,3 a 5 festivales,"Principalmente en ciudades grandes (CDMX, Guadalajara, Monterrey, etc.)","A veces, si vale mucho la pena",En pareja,Cartel / artistas,Comida dentro del festival 🥫,"Entre $1,000 mxn y $2,000 mxn",Solo un día,Tomo descansos entre shows,Dos o tres días de bajón,Redes sociales,2,Pulso GNP,2,Artistas,Usar chip y que se queda rezagado tu dinero que sobra,Charlas o Talleres,Conexión,Algo,Sí
14/10/2025 23:48:30,25 a 34,Hombre,Estudiante,Rock / Alternativo,1 a 2 festivales,"Principalmente en ciudades grandes (CDMX, Guadalajara, Monterrey, etc.)","Sí, casi siempre",Sola(o),Cartel / artistas,Transporte (ida y vuelta dentro de la ciudad),Máximo  $200 mxn,Depende del tipo de festival,Tomo descansos entre shows,Un día y ya estoy como nuevo/a,Redes sociales,3,Hipnosis 2024 o Corona Capital 2024,3,Artistas,Precios,Espacios de bienestar (descanso),Conexión,"Sí, totalmente",Sí
15/10/2025 0:32:41,25 a 34,Mujer,Empleado(a) a tiempo parcial,Rock / Alternativo,1 a 2 festivales,"Principalmente en ciudades grandes (CDMX, Guadalajara, Monterrey, etc.)","A veces, si vale mucho la pena",Con amix,Cartel / artistas,Transporte a la ciudad del festival 🚌🛬,Más de  $500 mxn,Depende del tipo de festival,Termino agotado/a pero feliz,Dos o tres días de bajón,Redes sociales,4,Pal Norte,1,Organización y logística,Señal e internet,Experiencias tecnológicas / instalaciones interactivas,Alegría,Algo,Sí
15/10/2025 0:54:49,25 a 34,Mujer,Freelance / Autónomo(a),Rock / Alternativo,Más de 5 festivales,"Principalmente en ciudades grandes (CDMX, Guadalajara, Monterrey, etc.)",Casi nunca,Sola(o),Lugar / ciudad,Comida dentro del festival 🥫,Más de  $500 mxn,Depende del tipo de festival,Tomo descansos entre shows,Un día y ya estoy como nuevo/a,Redes sociales,3,Garage de bandas,1,Artistas,Baños,Charlas o Talleres,Alegría,"Sí, totalmente",Sí
15/10/2025 14:17:14,25 a 34,Hombre,Desempleado(a),Rock / Alternativo,3 a 5 festivales,"Principalmente en ciudades grandes (CDMX, Guadalajara, Monterrey, etc.)",Casi nunca,Con amix,Cartel / artistas,Transporte (ida y vuelta dentro de la ciudad),Entre $200 – 500 mxn,Depende del tipo de festival,Termino agotado/a pero feliz,Un día y ya estoy como nuevo/a,Influencers o medios musicales,3,Vive latino ,3,Calidad de sonido,Precios,Puntos para hidratarte,Conexión,"Sí, totalmente",Sí
15/10/2025 15:06:47,25 a 34,Hombre,Freelance / Autónomo(a),Todos,3 a 5 festivales,"Principalmente en ciudades grandes (CDMX, Guadalajara, Monterrey, etc.)","A veces, si vale mucho la pena",Con amix,Cartel / artistas,Transporte (ida y vuelta dentro de la ciudad),Entre $200 – 500 mxn,Depende del tipo de festival,Me la paso bailando todo el tiempo 🕺,Un día y ya estoy como nuevo/a,Redes sociales,1,Off limits ,1,Artistas,Comida,Pura música ,Alegría,Algo,Sí
16/10/2025 9:28:02,35 a 44,Hombre,Freelance / Autónomo(a),Rock / Alternativo,3 a 5 festivales,"Principalmente en ciudades grandes (CDMX, Guadalajara, Monterrey, etc.)","A veces, si vale mucho la pena",Sola(o),Cartel / artistas,Transporte (ida y vuelta dentro de la ciudad),Entre $200 – 500 mxn,Depende del tipo de festival,Termino agotado/a pero feliz,Un día y ya estoy como nuevo/a,Redes sociales,5,Vaivén ,1,Artistas,Precios,Charlas o Talleres,Alegría,"Sí, totalmente",Tal vez
16/10/2025 12:17:07,45 o más,Hombre,Freelance / Autónomo(a),Experimental,1 a 2 festivales,"Principalmente en ciudades grandes (CDMX, Guadalajara, Monterrey, etc.)","A veces, si vale mucho la pena",Sola(o),Cartel / artistas,Transporte (ida y vuelta dentro de la ciudad),Entre $200 – 500 mxn,Depende del tipo de festival,Tomo descansos entre shows,Un día y ya estoy como nuevo/a,Redes sociales,2,Mutek,1,Convivencia y ambiente,Line up,Arte visual,Conexión,Algo,Sí
16/10/2025 12:38:21,25 a 34,Hombre,Freelance / Autónomo(a),Rock / Alternativo,1 a 2 festivales,"Principalmente en ciudades grandes (CDMX, Guadalajara, Monterrey, etc.)",Casi nunca,Con amix,Cartel / artistas,Bebidas dentro del festival 🥤,"Entre $1,000 mxn y $2,000 mxn",Depende del tipo de festival,Termino agotado/a pero feliz,Una semana para volver a la normalidad,Redes sociales,2,MutekMx,1,Convivencia y ambiente,Precios,Charlas o Talleres,Conexión,"Sí, totalmente",No
16/10/2025 13:46:16,25 a 34,Mujer,Freelance / Autónomo(a),Electrónica,1 a 2 festivales,"Principalmente en ciudades grandes (CDMX, Guadalajara, Monterrey, etc.)","A veces, si vale mucho la pena",En pareja,Cartel / artistas,Bebidas dentro del festival 🥤,"Entre $1,000 mxn y $2,000 mxn",Depende del tipo de festival,Busco zonas tranquilas o de sombra,Dos o tres días de bajón,Redes sociales,3,MUTEK 2025,5,Artistas,Baños,Charlas o Talleres,Alegría,"Sí, totalmente",Sí
16/10/2025 14:16:43,25 a 34,Hombre,Freelance / Autónomo(a),Electrónica,1 a 2 festivales,"Principalmente en ciudades grandes (CDMX, Guadalajara, Monterrey, etc.)","Sí, casi siempre",Con amix,Diseño del espacio / experiencia,Bebidas dentro del festival 🥤,"Más de $2,000 mxn",Depende del tipo de festival,Tomo descansos entre shows,Un día y ya estoy como nuevo/a,Amigos/as,1,Mutek,1,Producción y escenografía,Filas para accesos,Experiencias tecnológicas / instalaciones interactivas,Euforia,"Sí, totalmente",Sí
16/10/2025 18:49:32,35 a 44,Hombre,Freelance / Autónomo(a),Experimental,3 a 5 festivales,"Principalmente en ciudades grandes (CDMX, Guadalajara, Monterrey, etc.)","A veces, si vale mucho la pena",Con amix,Cartel / artistas,Bebidas dentro del festival 🥤,Entre $200 – 500 mxn,Depende del tipo de festival,Busco zonas tranquilas o de sombra,Dos o tres días de bajón,Redes sociales,1,Mutek,1,Calidad de sonido,Precios,Espacios de bienestar (descanso),Conexión,"Sí, totalmente",Sí
16/10/2025 19:37:28,35 a 44,Hombre,Empleado(a) a tiempo parcial,Electrónica,1 a 2 festivales,"Principalmente en ciudades grandes (CDMX, Guadalajara, Monterrey, etc.)","A veces, si vale mucho la pena",Con amix,Cartel / artistas,Bebidas dentro del festival 🥤,Más de  $500 mxn,Solo unas horas (voy por artistas específicos),Tomo descansos entre shows,Dos o tres días de bajón,Redes sociales,3,Simi fest 24,2,Producción y escenografía,Precios,Experiencias tecnológicas / instalaciones interactivas,Alegría,"Sí, totalmente",Sí
20/10/2025 20:49:57,25 a 34,Hombre,Freelance / Autónomo(a),Rock / Alternativo,1 a 2 festivales,"Principalmente en ciudades grandes (CDMX, Guadalajara, Monterrey, etc.)",Casi nunca,Sola(o),Cartel / artistas,Transporte (ida y vuelta dentro de la ciudad),Entre $200 – 500 mxn,Solo un día,Busco zonas tranquilas o de sombra,Un día y ya estoy como nuevo/a,Redes sociales,2,ANTI FRONTERAS FEST,1,Artistas,Sonido,Experiencias tecnológicas / instalaciones interactivas,Euforia,"Sí, totalmente",Sí
22/10/2025 14:58:46,25 a 34,Hombre,Freelance / Autónomo(a),Rock / Alternativo,Más de 10 festivales,"Principalmente en ciudades grandes (CDMX, Guadalajara, Monterrey, etc.)","Sí, casi siempre",Sola(o),Cartel / artistas,Hospedaje en la ciudad del festival 🛏️ 🏨,"Entre $1,000 mxn y $2,000 mxn",Depende del tipo de festival,Termino agotado/a pero feliz,Una semana para volver a la normalidad,Redes sociales,1,Vaiven,2,Producción y escenografía,Precios,Espacios de bienestar (descanso),Alegría,"Sí, totalmente",Sí
22/10/2025 20:11:25,35 a 44,Mujer,Empleado(a) a tiempo completo,Electrónica,1 a 2 festivales,En zonas rurales o festivales fuera del circuito urbano,"Sí, casi siempre",En pareja,Cartel / artistas,Hospedaje en la ciudad del festival 🛏️ 🏨,"Más de $2,000 mxn",Solo un día,Me la paso bailando todo el tiempo 🕺,Un día y ya estoy como nuevo/a,Beat 100.9,2,Vaivén Nescafé ,3,Artistas,Me robaron mi celular,Espacios de bienestar (descanso),Euforia,"Sí, totalmente",Sí
22/10/2025 20:13:43,35 a 44,Mujer,Empleado(a) a tiempo completo,Electrónica,3 a 5 festivales,En zonas rurales o festivales fuera del circuito urbano,"Sí, casi siempre",En pareja,Lugar / ciudad,Transporte a la ciudad del festival 🚌🛬,Más de  $500 mxn,Depende del tipo de festival,Tomo descansos entre shows,Un día y ya estoy como nuevo/a,Redes sociales,3,Vaiven,1,Convivencia y ambiente,Señal e internet,Arte visual,Alegría,"Sí, totalmente",Sí
22/10/2025 22:08:36,35 a 44,Hombre,Empleado(a) a tiempo completo,Electrónica,3 a 5 festivales,"Principalmente en ciudades grandes (CDMX, Guadalajara, Monterrey, etc.)","A veces, si vale mucho la pena",Con amix,Cartel / artistas,Transporte a la ciudad del festival 🚌🛬,"Entre $1,000 mxn y $2,000 mxn",Depende del tipo de festival,Me la paso bailando todo el tiempo 🕺,Un día y ya estoy como nuevo/a,Redes sociales,1,Vaivén ,1,Artistas,Precios,Espacios de bienestar (descanso),Conexión,"Sí, totalmente",Sí
22/10/2025 22:10:14,35 a 44,Mujer,Empleado(a) a tiempo completo,Electrónica,Más de 5 festivales,"Principalmente en ciudades grandes (CDMX, Guadalajara, Monterrey, etc.)","Sí, casi siempre",Sola(o),Cartel / artistas,Hospedaje en la ciudad del festival 🛏️ 🏨,Entre $200 – 500 mxn,Depende del tipo de festival,Me la paso bailando todo el tiempo 🕺,Un día y ya estoy como nuevo/a,Redes sociales,1,Vaivén ,1,Artistas,Señal e internet,Arte visual,Alegría,"Sí, totalmente",Sí
23/10/2025 5:30:51,25 a 34,Mujer,Empleado(a) a tiempo completo,Electrónica,3 a 5 festivales,"Principalmente en ciudades grandes (CDMX, Guadalajara, Monterrey, etc.)","A veces, si vale mucho la pena",En pareja,Cartel / artistas,Bebidas dentro del festival 🥤,"Entre $1,000 mxn y $2,000 mxn",Solo un día,Me la paso bailando todo el tiempo 🕺,Una semana para volver a la normalidad,Redes sociales,4,Vaiven,3,Artistas,Precios,Arte visual,Alegría,"Sí, totalmente",Tal vez
3/11/2025 10:03:20,45 o más,Hombre,Empleado(a) a tiempo completo,Rock / Alternativo,1 a 2 festivales,"Principalmente en ciudades grandes (CDMX, Guadalajara, Monterrey, etc.)","A veces, si vale mucho la pena",Sola(o),Cartel / artistas,Transporte a la ciudad del festival 🚌🛬,Más de  $500 mxn,Solo un día,Termino agotado/a pero feliz,Una semana para volver a la normalidad,Redes sociales,3,Hipnosis 2025,2,Artistas,Sonido pésimo,Arte visual,Euforia,"Sí, totalmente",Sí
3/11/2025 10:06:42,25 a 34,Hombre,Empleado(a) a tiempo completo,Rock / Alternativo,1 a 2 festivales,"Principalmente en ciudades grandes (CDMX, Guadalajara, Monterrey, etc.)",Casi nunca,En pareja,Cartel / artistas,Transporte (ida y vuelta dentro de la ciudad),"Entre $1,000 mxn y $2,000 mxn",Depende del tipo de festival,Tomo descansos entre shows,Un día y ya estoy como nuevo/a,Redes sociales,3,Hipnosis,2,Artistas,Mal audio ,Arte visual,Conexión,No mucho,No
3/11/2025 10:08:08,35 a 44,Mujer,Comerciante ,Rock / Alternativo,1 a 2 festivales,"Principalmente en ciudades grandes (CDMX, Guadalajara, Monterrey, etc.)","A veces, si vale mucho la pena",En pareja,Cartel / artistas,Bebidas dentro del festival 🥤,"Entre $1,000 mxn y $2,000 mxn",Depende del tipo de festival,Termino agotado/a pero feliz,Dos o tres días de bajón,Redes sociales,3,Hipnosis ,1,Artistas,El audio del asco ,Experiencias tecnológicas / instalaciones interactivas,Euforia,Algo,Sí
3/11/2025 10:10:58,19 a  24,Hombre,Estudiante,Rock / Alternativo,1 a 2 festivales,"Principalmente en ciudades grandes (CDMX, Guadalajara, Monterrey, etc.)","A veces, si vale mucho la pena",En pareja,Cartel / artistas,Hospedaje en la ciudad del festival 🛏️ 🏨,Entre $200 – 500 mxn,Solo un día,Termino agotado/a pero feliz,Un día y ya estoy como nuevo/a,Redes sociales,1,Hipnosis 2025,1,Artistas,el audio en varios artistas,Espacios de bienestar (descanso),Alegría,No mucho,Tal vez
3/11/2025 10:43:33,25 a 34,Hombre,Empleado(a) a tiempo completo,Rock / Alternativo,3 a 5 festivales,"Principalmente en ciudades grandes (CDMX, Guadalajara, Monterrey, etc.)","No, solo asisto a los que hay en mi ciudad",Con amix,Cartel / artistas,Transporte (ida y vuelta dentro de la ciudad),Entre $200 – 500 mxn,Depende del tipo de festival,Me la paso bailando todo el tiempo 🕺,No me recupero… hasta el siguiente festival,Redes sociales,4,Hipnosis,3,Artistas,"Audio, logistica y producción ",Arte visual,Euforia,"Sí, totalmente",Sí
3/11/2025 11:16:47,25 a 34,Hombre,Empleado(a) a tiempo completo,Rock / Alternativo,Más de 5 festivales,"Principalmente en ciudades grandes (CDMX, Guadalajara, Monterrey, etc.)","Sí, casi siempre",En pareja,Cartel / artistas,Transporte a la ciudad del festival 🚌🛬,Entre $200 – 500 mxn,Depende del tipo de festival,Tomo descansos entre shows,Dos o tres días de bajón,Redes sociales,4,Dia Libre,3,Artistas,Precios,"Espacios de bienestar, talleres charlas y las iniciativas son buenas ideas",Euforia,"Sí, totalmente",Sí
3/11/2025 11:21:20,25 a 34,Hombre,Empleado(a) a tiempo completo,Rock / Alternativo,1 a 2 festivales,"Principalmente en ciudades grandes (CDMX, Guadalajara, Monterrey, etc.)","A veces, si vale mucho la pena",Con amix,Cartel / artistas,Bebidas dentro del festival 🥤,Más de  $500 mxn,Depende del tipo de festival,Termino agotado/a pero feliz,Dos o tres días de bajón,Amigos/as,5,hipnosis,1,Artistas,Accesibilidad para todxs,Espacios de bienestar (descanso),Cansancio,"Sí, totalmente",Sí
3/11/2025 11:58:04,35 a 44,Hombre,Empleado(a) a tiempo completo,Rock / Alternativo,3 a 5 festivales,"Principalmente en ciudades grandes (CDMX, Guadalajara, Monterrey, etc.)",Casi nunca,Con amix,Cartel / artistas,Bebidas dentro del festival 🥤,Más de  $500 mxn,Solo unas horas (voy por artistas específicos),Termino agotado/a pero feliz,Un día y ya estoy como nuevo/a,Redes sociales,2,Hipnosis 2025,1,Artistas,Audio ,Iniciativas ecológicas o comunitarias,Alegría,"Sí, totalmente",Sí
3/11/2025 12:31:50,35 a 44,Mujer,Empleado(a) a tiempo completo,Rock / Alternativo,3 a 5 festivales,"Principalmente en ciudades grandes (CDMX, Guadalajara, Monterrey, etc.)","A veces, si vale mucho la pena",En pareja,Cartel / artistas,Bebidas dentro del festival 🥤,"Entre $1,000 mxn y $2,000 mxn",Depende del tipo de festival,Termino agotado/a pero feliz,Dos o tres días de bajón,Redes sociales,3,Hipnosis ,1,Artistas,Baños,Espacios de bienestar (descanso),Alegría,"Sí, totalmente",Sí
3/11/2025 12:48:24,25 a 34,Hombre,Empleado(a) a tiempo completo,Rock / Alternativo,3 a 5 festivales,"Principalmente en ciudades grandes (CDMX, Guadalajara, Monterrey, etc.)","A veces, si vale mucho la pena",Sola(o),Cartel / artistas,Bebidas dentro del festival 🥤,Más de  $500 mxn,Solo un día,Me la paso bailando todo el tiempo 🕺,Un día y ya estoy como nuevo/a,Redes sociales,4,Hipnosis,4,Artistas,"Precios excesivos, mal audio",Charlas o Talleres,Conexión,Algo,Sí
3/11/2025 13:02:57,25 a 34,Mujer,Empleado(a) a tiempo parcial,Rock / Alternativo,1 a 2 festivales,"Principalmente en ciudades grandes (CDMX, Guadalajara, Monterrey, etc.)","Sí, casi siempre",Sola(o),Cartel / artistas,Comida dentro del festival 🥫,Más de  $500 mxn,Solo un día,Tomo descansos entre shows,Un día y ya estoy como nuevo/a,Redes sociales,1,Hipnosis,2,Artistas,Precios,Arte visual,Alegría,Algo,Sí
6/11/2025 15:15:02,18 o menos,Hombre,Estudiante,Rock / Alternativo,1 a 2 festivales,"Principalmente en ciudades grandes (CDMX, Guadalajara, Monterrey, etc.)","A veces, si vale mucho la pena",Sola(o),Cartel / artistas,Transporte (ida y vuelta dentro de la ciudad),Máximo  $200 mxn,Solo unas horas (voy por artistas específicos),Me la paso bailando todo el tiempo 🕺,Una semana para volver a la normalidad,Redes sociales,5,Molchat doma 2023,1,Artistas,Precios,Arte visual,Euforia,"Sí, totalmente",Sí
15/11/2025 0:49:44,35 a 44,Mujer,Freelance / Autónomo(a),Experimental,1 a 2 festivales,"Principalmente en ciudades grandes (CDMX, Guadalajara, Monterrey, etc.)","Sí, casi siempre",En pareja,Cartel / artistas,Hospedaje en la ciudad del festival 🛏️ 🏨,"Entre $1,000 mxn y $2,000 mxn",Depende del tipo de festival,Busco zonas tranquilas o de sombra,Una semana para volver a la normalidad,Redes sociales,5,Hipnosis,3,Convivencia y ambiente,Audio ,Arte visual,Alegría,"Sí, totalmente",Sí